response_time,status_code,cpu_usage,memory_usage,failure
589,200,60,33,0
1147,200,60,50,1
955,200,33,71,0
1722,200,13,26,1
1711,200,23,51,1
1139,200,92,66,1
1951,200,54,78,1
450,200,84,65,0
1875,200,24,53,1
360,200,61,45,0
1985,200,11,95,1
1877,500,76,75,1
1898,200,34,87,1
813,500,28,93,1
1086,200,46,96,1
791,200,71,21,0
83,500,44,88,1
1052,500,83,22,1
514,200,83,39,0
936,200,47,52,0
1650,200,12,85,1
1310,500,90,57,1
1196,200,86,50,1
1025,500,90,34,1
135,500,29,70,1
1275,200,76,27,1
229,200,78,59,0
488,503,85,62,1
1138,200,24,60,1
970,200,32,58,0
1249,200,92,56,1
1585,503,85,31,1
1531,200,23,43,1
1742,200,82,62,1
1760,200,49,31,1
1789,200,73,52,1
401,200,49,61,0
504,200,84,90,0
511,200,61,62,0
656,500,53,90,1
1444,200,90,60,1
1085,200,64,30,1
1063,503,38,28,1
1212,503,60,93,1
1397,200,26,50,1
1076,503,47,50,1
1156,200,58,54,1
1648,200,25,96,1
712,500,19,81,1
1565,503,31,30,1
873,500,26,26,1
816,200,71,90,0
1978,200,12,62,1
1154,200,97,68,1
1119,500,62,37,1
1729,503,31,71,1
600,200,96,46,1
1987,200,33,89,1
1605,200,54,97,1
261,200,48,76,0
860,200,36,86,0
122,200,45,28,0
795,200,65,82,0
401,503,46,48,1
1554,500,87,90,1
1564,500,61,74,1
908,200,79,95,0
1148,200,32,61,1
837,200,22,55,0
1365,200,77,56,1
487,500,43,69,1
716,503,62,63,1
1788,500,50,82,1
703,200,94,93,1
410,503,12,35,1
1992,200,23,95,1
479,200,53,21,0
254,200,55,96,0
1044,500,40,73,1
1336,500,31,31,1
376,200,100,23,1
1036,200,61,25,1
779,200,52,22,0
427,200,69,32,0
756,500,47,66,1
826,503,36,64,1
271,200,56,41,0
788,503,74,95,1
1409,200,91,61,1
1291,500,28,65,1
346,200,76,58,0
912,200,34,25,0
1675,200,19,31,1
364,503,77,30,1
1176,200,97,49,1
324,500,16,75,1
937,500,51,81,1
1082,503,73,64,1
1311,500,67,21,1
478,503,97,61,1
1095,503,49,26,1
1420,200,63,96,1
676,200,41,22,0
472,200,81,35,0
1770,503,71,75,1
1680,200,22,31,1
1834,200,58,35,1
1584,500,13,49,1
634,200,35,92,0
318,503,94,62,1
401,503,96,21,1
1604,503,68,80,1
413,200,29,55,0
1137,200,56,28,1
1357,200,94,22,1
534,200,23,46,0
1027,503,27,83,1
1963,200,94,40,1
1865,500,53,71,1
823,200,100,72,1
418,503,76,62,1
68,500,97,92,1
438,503,12,34,1
553,200,31,70,0
1089,200,35,93,1
1726,200,72,58,1
1007,200,39,96,1
1841,200,44,35,1
1015,500,46,43,1
175,200,55,41,0
215,200,51,42,0
1772,500,62,99,1
415,200,64,86,0
821,503,58,48,1
689,200,77,25,0
811,500,28,90,1
704,200,12,97,0
748,500,51,38,1
480,200,75,46,0
477,200,13,71,0
1502,200,97,25,1
1313,200,17,78,1
799,200,63,42,0
603,200,97,74,1
1578,200,26,20,1
1097,200,39,53,1
1667,500,73,89,1
1911,200,25,81,1
1625,200,47,79,1
628,500,94,35,1
309,503,33,86,1
1074,500,57,56,1
1247,200,65,25,1
248,200,31,20,0
626,200,93,56,1
242,503,71,56,1
940,200,35,62,0
1300,200,25,98,1
1919,200,79,58,1
960,200,50,91,0
977,200,81,48,0
1911,503,57,71,1
1145,200,32,88,1
914,200,26,65,0
393,500,19,96,1
1655,503,54,85,1
346,200,49,54,0
1573,500,25,54,1
295,500,32,42,1
1964,200,48,68,1
1848,200,57,68,1
966,200,81,56,0
1938,500,77,60,1
308,200,43,95,0
1521,200,79,47,1
834,200,73,88,0
1249,503,37,21,1
925,503,69,90,1
1939,500,17,99,1
850,200,53,77,0
841,503,96,46,1
1723,500,70,72,1
388,200,22,37,0
320,200,50,80,0
703,200,11,84,0
598,200,82,40,0
1609,500,37,30,1
1065,200,41,90,1
301,200,61,61,0
385,200,23,78,0
318,200,73,47,0
993,200,82,30,0
488,500,33,38,1
1443,500,36,91,1
458,200,31,37,0
1031,200,49,78,1
758,200,48,85,0
211,200,10,32,0
1810,200,97,48,1
453,200,61,79,0
1163,503,34,78,1
110,500,63,47,1
1905,200,32,51,1
1426,503,82,58,1
578,200,87,21,1
1632,500,18,42,1
1097,200,64,96,1
1870,500,16,51,1
1288,500,78,39,1
1379,500,20,86,1
929,503,23,42,1
1307,500,39,73,1
929,200,75,97,0
1130,503,41,66,1
1945,503,40,92,1
1504,200,56,39,1
779,200,72,77,0
1499,500,85,59,1
1014,500,32,55,1
1986,503,90,37,1
1928,500,55,20,1
117,200,53,90,0
939,200,87,33,1
897,500,42,73,1
1773,500,86,33,1
1319,503,26,38,1
441,500,10,31,1
1048,200,97,95,1
1698,500,46,52,1
1732,200,26,81,1
1243,200,72,94,1
1518,200,47,87,1
1918,200,34,54,1
610,500,26,86,1
1248,200,76,54,1
792,200,16,64,0
1902,200,30,57,1
1748,503,68,29,1
578,200,51,83,0
356,500,54,91,1
59,503,23,61,1
1327,200,53,72,1
419,500,32,66,1
430,500,93,91,1
1531,200,72,90,1
590,503,98,30,1
250,200,68,94,0
561,200,34,56,0
593,200,65,47,0
255,200,32,43,0
1766,503,69,53,1
1830,200,18,50,1
1666,200,89,67,1
262,200,44,96,0
1679,503,83,66,1
1347,200,99,88,1
1548,500,70,73,1
959,200,16,51,0
358,200,38,88,0
1712,200,41,25,1
1568,503,76,24,1
1272,503,45,97,1
617,500,67,58,1
144,200,16,60,0
595,503,30,95,1
327,200,88,37,1
1924,200,81,62,1
1285,200,40,90,1
517,500,95,79,1
102,503,76,84,1
1845,200,82,80,1
1052,200,64,87,1
290,500,84,59,1
1783,503,47,43,1
221,503,82,55,1
127,200,35,82,0
1882,503,13,20,1
113,200,30,49,0
1548,200,43,21,1
1383,200,98,94,1
152,200,38,29,0
71,200,60,98,0
872,200,46,35,0
637,200,61,84,0
1495,500,99,77,1
1275,200,18,34,1
107,503,46,100,1
1271,500,94,40,1
888,200,29,81,0
179,200,76,52,0
874,500,85,34,1
1356,200,95,71,1
1734,200,67,75,1
1212,503,49,79,1
734,200,87,70,1
332,500,14,60,1
1700,200,38,90,1
1436,200,69,39,1
945,500,89,95,1
1325,500,87,76,1
968,200,73,88,0
218,200,73,69,0
427,200,41,37,0
742,200,100,73,1
1173,200,38,48,1
1418,200,22,57,1
1163,500,20,35,1
1406,200,18,24,1
685,500,61,27,1
1864,200,22,86,1
482,500,80,22,1
1004,200,38,42,1
1721,200,22,40,1
347,503,51,94,1
1368,200,56,30,1
827,200,21,46,0
436,200,91,71,1
77,200,84,20,0
406,200,100,83,1
439,200,25,43,0
1403,200,38,77,1
1404,503,44,59,1
1381,500,75,61,1
276,200,79,36,0
167,200,68,98,0
1721,503,44,25,1
1789,500,88,38,1
1214,200,36,90,1
367,200,58,64,0
1788,200,74,88,1
1834,200,21,90,1
1756,200,100,37,1
1131,200,53,94,1
935,500,15,83,1
276,503,42,47,1
111,503,56,41,1
446,200,40,22,0
1027,503,21,94,1
1712,500,12,52,1
744,500,34,95,1
75,500,26,33,1
1334,503,68,75,1
815,200,26,86,0
853,200,91,24,1
1961,500,26,89,1
202,200,21,98,0
961,200,69,45,0
147,200,77,77,0
917,200,88,65,1
563,200,27,85,0
1534,200,14,47,1
51,200,83,71,0
1673,200,41,96,1
1829,200,73,55,1
1703,500,68,66,1
391,200,10,22,0
1036,200,22,85,1
105,200,69,88,0
201,503,34,31,1
1790,503,96,93,1
1450,200,32,33,1
201,200,60,21,0
462,200,74,65,0
1768,503,53,84,1
1283,500,74,31,1
782,200,57,28,0
719,500,18,49,1
816,200,74,28,0
412,500,42,53,1
156,200,25,42,0
1698,200,22,65,1
603,200,94,80,1
51,200,70,24,0
1834,200,41,98,1
983,500,54,83,1
425,503,67,61,1
1836,500,50,72,1
1256,200,63,42,1
1378,503,68,21,1
770,503,99,23,1
743,503,73,98,1
890,200,70,62,0
1483,200,21,71,1
1202,500,22,25,1
558,200,99,50,1
58,200,52,21,0
1480,200,44,96,1
1355,503,98,66,1
1742,200,68,92,1
699,200,12,34,0
654,500,69,81,1
1591,200,78,55,1
550,200,79,62,0
116,200,76,98,0
1932,200,22,54,1
1526,200,33,62,1
1189,200,91,91,1
1278,200,85,42,1
983,200,51,84,0
109,500,73,21,1
1598,200,60,97,1
507,200,60,50,0
1161,500,38,33,1
1128,500,76,93,1
1169,200,44,38,1
265,200,93,64,1
1837,503,50,50,1
897,200,45,90,0
394,500,69,75,1
1070,503,92,96,1
188,200,16,63,0
467,500,88,34,1
1296,200,83,92,1
639,200,86,62,1
898,500,57,85,1
1659,200,15,31,1
1560,503,92,43,1
1842,200,47,98,1
1324,503,47,35,1
116,200,27,45,0
873,500,56,29,1
104,200,62,24,0
1726,503,70,30,1
396,503,87,85,1
1037,503,71,89,1
832,503,25,72,1
1492,200,57,43,1
1044,500,43,100,1
1700,500,71,58,1
973,200,76,99,0
1369,200,11,62,1
743,200,76,80,0
405,200,21,46,0
727,503,21,96,1
1184,200,84,24,1
1110,200,33,37,1
1785,200,68,51,1
1538,200,98,42,1
383,200,20,91,0
829,503,96,27,1
1345,200,46,99,1
904,500,45,60,1
422,503,86,88,1
741,503,31,66,1
1538,200,85,24,1
1904,503,93,58,1
713,200,14,91,0
1187,200,45,46,1
307,200,98,38,1
289,500,40,62,1
1994,500,17,36,1
1916,200,93,96,1
1513,200,30,69,1
864,200,73,54,0
1714,500,40,39,1
936,500,52,68,1
648,200,67,40,0
1286,200,55,54,1
1599,200,84,49,1
1586,200,10,31,1
304,500,42,86,1
1926,500,17,52,1
1039,503,98,50,1
1449,500,41,92,1
1291,200,41,23,1
1674,500,61,39,1
1986,200,84,23,1
627,503,33,41,1
1085,200,59,22,1
374,500,66,75,1
76,200,13,23,0
462,200,20,68,0
388,503,71,85,1
1732,200,30,49,1
1919,200,18,26,1
578,200,71,89,0
202,200,96,97,1
1410,503,39,94,1
137,500,53,26,1
1693,200,12,33,1
1900,200,85,41,1
707,503,72,48,1
1793,503,86,85,1
77,503,33,73,1
1800,200,48,50,1
209,200,13,59,0
1203,200,55,64,1
618,200,25,79,0
1445,200,61,62,1
1686,200,48,46,1
1867,200,49,74,1
1912,200,61,21,1
1514,200,65,26,1
1154,200,52,38,1
1459,500,64,47,1
1257,200,46,31,1
930,200,17,93,0
1060,500,61,46,1
519,500,61,48,1
483,200,73,94,0
1251,200,31,47,1
921,500,12,62,1
339,503,77,94,1
639,200,53,96,0
1483,200,91,92,1
238,200,80,96,0
548,500,61,95,1
1466,200,74,47,1
1546,200,77,40,1
1158,500,41,96,1
774,500,36,53,1
324,200,65,89,0
704,503,88,56,1
1797,200,99,94,1
842,200,32,74,0
762,200,20,33,0
166,200,62,84,0
142,200,28,36,0
1534,200,41,65,1
1344,200,23,30,1
521,200,37,65,0
915,503,17,68,1
1264,503,40,78,1
663,503,100,27,1
770,200,13,20,0
204,503,68,89,1
1589,200,90,27,1
1892,200,92,31,1
1352,500,94,20,1
443,500,82,84,1
1004,500,76,59,1
391,503,41,68,1
1367,200,55,73,1
1633,503,97,23,1
1020,200,52,88,1
1805,200,13,22,1
306,200,23,34,0
784,200,79,84,0
1470,500,68,55,1
570,500,54,60,1
944,500,62,64,1
1024,200,30,85,1
1791,503,44,55,1
1602,200,82,40,1
993,200,99,91,1
491,200,30,90,0
1103,200,84,24,1
1205,200,89,84,1
1412,503,87,70,1
491,200,21,21,0
433,503,57,68,1
574,500,73,24,1
716,500,54,51,1
973,500,88,61,1
139,200,36,31,0
85,500,47,63,1
472,503,30,70,1
109,503,93,24,1
1008,200,32,84,1
1392,200,39,56,1
533,500,59,43,1
515,503,70,21,1
1634,200,69,49,1
735,500,65,74,1
436,200,35,86,0
404,200,45,37,0
1221,200,62,41,1
245,200,27,64,0
406,200,70,40,0
1807,200,79,39,1
1226,200,22,58,1
1043,200,93,66,1
1710,200,92,73,1
1152,200,73,88,1
1810,200,11,30,1
1944,500,82,53,1
1751,200,96,40,1
824,200,32,95,0
591,200,40,33,0
596,503,13,88,1
1594,200,95,99,1
118,200,38,94,0
1977,200,64,26,1
849,200,34,83,0
1586,503,39,76,1
1577,503,68,68,1
90,200,46,50,0
456,200,48,62,0
1684,500,89,98,1
908,200,88,23,1
1353,200,30,93,1
1362,200,76,99,1
1294,503,17,82,1
756,500,68,60,1
326,200,77,38,0
131,200,87,78,1
530,200,47,52,0
1804,200,49,30,1
196,503,100,21,1
1060,200,47,32,1
643,200,86,69,1
1727,503,80,43,1
87,200,87,94,1
1737,500,27,23,1
162,500,64,95,1
92,200,57,54,0
346,200,67,71,0
184,500,83,79,1
223,200,75,41,0
962,200,52,25,0
265,200,16,56,0
1179,200,71,21,1
1893,503,16,53,1
638,200,69,30,0
889,200,57,23,0
1499,200,89,42,1
548,200,13,22,0
1084,200,46,99,1
1909,503,57,48,1
1872,500,89,27,1
1499,200,34,83,1
1297,500,17,63,1
592,200,67,26,0
1110,200,18,92,1
729,200,35,41,0
732,200,77,77,0
814,200,35,64,0
453,500,79,97,1
147,503,40,93,1
54,503,79,70,1
1779,200,44,30,1
1899,200,50,39,1
1742,503,74,38,1
1407,200,91,88,1
157,200,79,80,0
1802,200,85,55,1
1681,503,72,31,1
1652,503,47,89,1
414,503,18,49,1
440,200,63,90,0
1110,503,24,26,1
1234,200,30,22,1
228,500,87,100,1
883,200,90,21,1
1841,503,43,84,1
191,200,50,72,0
1897,500,43,57,1
186,503,47,68,1
604,500,14,97,1
918,200,18,62,0
1538,200,35,22,1
843,503,31,76,1
517,500,64,79,1
276,200,64,49,0
1562,503,70,40,1
1126,200,25,57,1
1551,200,70,91,1
161,200,28,44,0
204,200,69,29,0
1779,200,15,87,1
1605,500,80,43,1
74,200,58,96,0
924,200,45,56,0
862,200,33,75,0
1077,500,55,59,1
939,200,59,40,0
942,503,53,100,1
1408,200,48,40,1
1676,503,76,33,1
1394,500,42,50,1
1794,503,85,38,1
527,200,23,90,0
1868,503,34,84,1
1073,500,26,41,1
605,500,28,91,1
902,200,73,87,0
1858,503,54,84,1
1138,200,93,23,1
148,200,55,49,0
1835,200,40,48,1
771,503,100,78,1
1224,200,21,97,1
1112,200,44,64,1
958,503,99,81,1
1528,200,43,75,1
1831,503,13,95,1
900,500,54,92,1
1711,500,40,67,1
867,200,80,46,0
864,200,39,86,0
115,200,30,35,0
213,503,51,76,1
117,503,53,31,1
138,200,65,54,0
1547,200,13,21,1
351,500,93,100,1
1563,200,19,100,1
261,200,44,66,0
243,503,82,67,1
1067,500,25,32,1
980,200,41,64,0
598,200,40,68,0
1785,200,76,32,1
1973,200,19,53,1
1339,503,49,66,1
1265,503,62,78,1
2000,200,11,23,1
1289,200,27,92,1
1158,200,90,35,1
1035,200,75,50,1
202,200,94,22,1
192,200,35,54,0
965,200,60,21,0
1307,503,26,51,1
1620,500,25,98,1
841,200,61,45,0
368,200,21,31,0
792,503,14,60,1
639,200,95,64,1
1136,503,51,56,1
828,200,28,41,0
477,200,66,67,0
1457,200,49,76,1
378,500,59,62,1
1122,200,12,92,1
1036,200,63,100,1
1949,500,44,59,1
272,200,75,30,0
407,503,62,87,1
1262,200,90,76,1
1753,200,92,36,1
834,500,10,32,1
1564,503,28,40,1
1721,500,40,60,1
785,500,91,48,1
1455,200,39,97,1
638,200,38,21,0
1868,503,39,66,1
107,500,99,52,1
698,503,27,86,1
246,200,48,66,0
991,200,36,30,0
741,200,76,70,0
1550,200,98,70,1
689,200,18,27,0
972,200,23,99,0
779,503,97,20,1
1175,200,67,31,1
1160,200,64,69,1
909,503,29,40,1
1435,500,95,58,1
888,503,95,42,1
1984,500,62,49,1
54,200,70,81,0
1536,200,26,86,1
1163,500,43,83,1
990,200,29,54,0
1238,200,53,75,1
226,200,63,62,0
1546,500,93,58,1
1067,200,63,32,1
1148,200,52,81,1
281,200,37,76,0
335,500,86,77,1
1899,200,65,73,1
1033,200,32,61,1
355,500,94,27,1
1472,200,81,48,1
1396,200,98,64,1
1691,503,80,22,1
1457,200,90,70,1
917,500,54,56,1
183,503,73,35,1
1265,500,60,27,1
725,500,26,64,1
1255,200,43,93,1
1535,200,46,97,1
904,500,68,64,1
1510,503,31,71,1
1382,200,27,33,1
1038,200,27,69,1
294,200,76,97,0
1864,500,49,77,1
823,200,55,83,0
1250,200,28,67,1
1549,503,18,37,1
527,200,95,31,1
1191,200,58,68,1
569,200,77,97,0
1864,200,67,74,1
880,500,27,49,1
1214,200,89,80,1
1842,200,21,89,1
700,503,60,32,1
715,200,88,70,1
917,200,78,29,0
350,200,50,97,0
450,503,59,68,1
1912,200,37,94,1
709,500,81,26,1
1066,200,59,26,1
1464,500,39,98,1
1392,500,87,98,1
352,200,63,81,0
707,200,22,82,0
337,200,10,85,0
1236,200,60,71,1
343,200,58,22,0
320,200,86,28,1
1765,500,12,26,1
1001,200,97,79,1
1954,500,49,29,1
983,200,56,47,0
56,500,65,30,1
1107,200,90,96,1
1040,200,80,95,1
624,503,46,47,1
588,200,98,39,1
1648,500,39,52,1
1469,200,17,56,1
1173,503,61,40,1
1734,503,31,37,1
462,500,45,31,1
1612,503,14,25,1
845,503,83,77,1
1032,200,74,89,1
752,503,86,47,1
411,200,63,73,0
161,200,60,94,0
1814,200,88,49,1
876,500,16,77,1
111,200,36,84,0
1899,503,71,34,1
50,500,21,22,1
452,200,48,39,0
888,200,84,32,0
1459,200,73,74,1
1701,503,23,78,1
352,200,90,20,1
184,500,53,26,1
1294,200,51,67,1
286,200,36,99,0
129,500,56,92,1
189,503,15,30,1
1421,200,31,86,1
373,200,74,100,0
621,200,94,84,1
1839,200,39,39,1
1108,503,70,25,1
1727,503,65,46,1
1848,500,100,57,1
615,500,61,85,1
1836,200,76,30,1
1675,200,42,27,1
863,503,98,66,1
187,500,60,54,1
532,200,97,40,1
1093,200,76,36,1
1010,200,53,87,1
734,503,93,97,1
506,503,78,92,1
1996,200,43,56,1
1428,200,82,87,1
56,200,84,100,0
1060,200,82,39,1
1253,200,69,62,1
1812,503,82,49,1
1471,503,20,67,1
1241,500,73,66,1
1518,200,46,25,1
74,200,64,40,0
1769,200,40,44,1
1218,200,98,72,1
530,200,15,37,0
496,500,89,97,1
1631,500,42,25,1
917,500,93,88,1
1539,200,23,26,1
1965,500,77,59,1
1634,500,29,28,1
1513,503,89,77,1
468,503,44,78,1
886,500,21,28,1
897,503,80,91,1
1871,500,98,41,1
272,200,80,23,0
1946,200,56,92,1
587,200,94,44,1
802,200,82,66,0
1108,200,77,84,1
1658,503,12,91,1
632,200,56,58,0
870,503,29,97,1
1785,500,89,52,1
2000,200,68,63,1
332,200,61,34,0
83,500,49,80,1
1831,500,67,99,1
241,200,84,25,0
1979,500,37,70,1
1294,200,67,54,1
1992,200,34,52,1
389,500,92,21,1
1191,200,48,84,1
1468,200,69,49,1
1714,200,27,73,1
860,200,35,31,0
1366,200,95,33,1
1590,200,12,76,1
1672,200,84,20,1
1658,500,56,94,1
204,503,70,85,1
1087,500,93,86,1
1368,500,92,66,1
376,200,56,57,0
1955,503,59,94,1
1735,200,30,81,1
1884,500,96,40,1
1557,200,16,61,1
1260,200,36,32,1
1225,200,82,99,1
1830,500,55,49,1
356,200,92,82,1
462,200,56,97,0
1670,503,28,84,1
1665,200,72,64,1
785,200,21,81,0
1311,200,36,82,1
1205,500,33,67,1
886,200,100,89,1
1157,503,34,53,1
177,200,11,80,0
1104,200,21,95,1
1169,200,89,30,1
1543,500,69,60,1
423,200,73,77,0
1498,503,69,53,1
1964,503,20,62,1
493,200,70,31,0
693,200,21,50,0
1460,200,44,68,1
497,200,24,41,0
565,500,61,83,1
237,500,56,59,1
853,200,49,65,0
1857,500,94,36,1
1554,500,29,45,1
611,200,42,78,0
387,503,20,81,1
1175,503,85,37,1
155,200,17,98,0
806,500,94,49,1
556,200,46,58,0
1059,200,49,40,1
141,503,42,73,1
1655,200,46,32,1
1908,200,62,51,1
705,500,70,87,1
118,503,58,62,1
837,200,80,39,0
250,503,65,26,1
655,200,89,92,1
1131,500,20,37,1
386,200,37,21,0
425,200,44,86,0
1162,200,45,73,1
889,200,90,37,1
587,500,96,26,1
1528,200,71,39,1
842,200,30,93,0
901,500,29,42,1
1179,503,20,84,1
1713,200,25,92,1
1916,503,51,69,1
914,200,52,89,0
1065,200,87,86,1
334,200,52,48,0
600,503,83,73,1
1784,503,31,54,1
164,200,21,66,0
1885,503,75,78,1
1395,200,90,31,1
1898,503,72,79,1
625,200,48,21,0
1922,200,96,21,1
409,200,32,25,0
976,200,46,79,0
391,200,84,96,0
1606,500,28,39,1
364,200,87,51,1
1297,200,39,71,1
924,200,27,28,0
1743,200,21,28,1
1533,200,30,90,1
459,200,32,53,0
1736,200,61,35,1
900,200,76,20,0
118,200,97,97,1
1897,503,21,82,1
1687,200,61,20,1
1166,200,53,25,1
535,503,82,27,1
940,503,49,86,1
1276,200,90,96,1
912,200,33,55,0
1978,200,88,41,1
1811,503,86,88,1
270,200,43,69,0
741,503,47,42,1
1947,500,16,100,1
1968,500,61,52,1
1519,200,25,24,1
706,200,11,44,0
68,200,22,39,0
1513,500,58,37,1
134,200,90,74,1
740,503,65,44,1
1756,200,37,88,1
376,200,87,84,1
337,503,81,97,1
751,503,63,41,1
1816,200,20,41,1
643,200,67,50,0
771,200,67,61,0
1557,200,18,33,1
1002,200,10,44,1
1517,200,54,88,1
1827,500,40,48,1
1031,503,13,29,1
900,503,95,40,1
1897,503,65,24,1
990,500,87,78,1
1098,503,76,37,1
995,200,17,68,0
80,200,91,37,1
336,503,63,88,1
1220,200,16,64,1
1956,503,58,59,1
1062,500,18,61,1
1197,200,18,62,1
468,200,53,23,0
669,200,30,58,0
704,200,44,79,0
865,500,100,68,1
109,200,18,49,0
688,503,93,80,1
912,503,87,54,1
805,500,42,89,1
1307,500,63,73,1
716,503,34,40,1
1058,500,69,82,1
362,200,61,48,0
225,200,17,98,0
923,503,29,72,1
1546,500,48,57,1
93,503,13,61,1
259,500,98,20,1
155,200,89,32,1
1549,200,10,91,1
507,500,70,60,1
1718,500,72,93,1
1021,503,63,63,1
636,503,22,41,1
577,200,100,30,1
1122,500,38,49,1
1014,500,87,38,1
1725,500,98,96,1
1020,200,24,34,1
970,200,45,25,0
896,500,76,93,1
741,503,19,40,1
170,200,45,69,0
904,500,30,22,1
1150,200,85,86,1
657,503,78,83,1
492,200,90,97,1
1067,200,10,88,1
1508,500,14,26,1
1695,200,56,25,1
1097,500,73,86,1
399,200,72,79,0
629,500,26,65,1
639,200,69,81,0
1187,200,54,43,1
975,200,50,27,0
1164,200,12,89,1
122,200,81,58,0
1978,500,16,55,1
368,200,17,26,0
380,503,16,56,1
600,503,92,31,1
869,503,40,31,1
179,200,21,27,0
1754,500,67,63,1
778,500,82,42,1
1891,200,56,48,1
1511,200,88,63,1
1720,200,79,66,1
1658,500,54,32,1
1394,200,77,73,1
304,500,72,99,1
1838,500,13,42,1
164,200,84,87,0
1104,503,22,65,1
815,200,14,62,0
788,200,74,31,0
558,200,15,57,0
1488,500,18,74,1
1751,503,74,29,1
1849,200,100,24,1
1651,200,42,43,1
1429,200,18,68,1
854,200,68,51,0
382,200,58,98,0
1422,200,66,80,1
1526,503,98,33,1
236,500,77,60,1
150,500,84,46,1
117,503,75,81,1
1457,200,98,27,1
1087,200,30,99,1
77,200,20,61,0
842,503,55,65,1
831,500,39,57,1
1638,500,82,95,1
932,500,19,38,1
1046,500,27,99,1
314,200,67,84,0
456,200,22,25,0
1883,200,65,23,1
82,503,60,97,1
1248,200,19,28,1
1772,200,89,69,1
1311,503,33,60,1
831,500,37,25,1
1056,200,36,43,1
116,200,91,47,1
1511,503,29,21,1
616,200,93,73,1
1961,500,22,27,1
1763,500,66,60,1
899,200,77,80,0
1159,500,61,58,1
1792,200,96,100,1
1020,200,77,39,1
1436,200,92,36,1
337,503,89,22,1
197,200,83,55,0
1322,500,45,47,1
515,200,60,68,0
335,200,88,68,1
1554,200,16,99,1
605,500,48,53,1
823,503,20,57,1
1140,200,90,61,1
1667,200,57,31,1
1814,200,51,29,1
963,500,43,92,1
1998,200,57,24,1
657,200,18,59,0
1099,200,75,71,1
399,200,84,73,0
499,500,55,22,1
1508,200,41,57,1
1556,503,91,83,1
1761,200,74,21,1
1731,500,83,70,1
565,200,51,61,0
229,200,44,23,0
1905,503,75,47,1
1475,500,75,52,1
1192,500,40,99,1
1647,503,11,40,1
739,200,29,100,0
1241,503,39,99,1
1113,500,61,22,1
1975,200,67,66,1
809,500,39,39,1
1599,500,47,43,1
1008,500,27,100,1
81,500,25,69,1
1944,500,70,99,1
706,200,35,89,0
866,500,93,29,1
698,500,83,98,1
901,200,54,26,0
166,503,53,37,1
889,200,79,78,0
684,200,65,32,0
1640,503,19,76,1
160,200,46,62,0
1081,200,70,20,1
763,503,28,43,1
1227,200,34,76,1
232,200,60,34,0
1300,200,45,78,1
666,200,67,30,0
67,200,65,46,0
1280,200,89,23,1
1189,200,28,69,1
324,200,60,46,0
1514,503,12,61,1
1007,200,78,86,1
663,200,68,89,0
1473,200,19,37,1
327,500,49,99,1
1302,200,52,60,1
1569,503,79,24,1
714,503,74,70,1
82,200,20,34,0
112,503,20,64,1
746,200,96,21,1
802,500,58,33,1
1217,200,27,50,1
1943,200,67,77,1
244,200,16,98,0
1850,200,97,68,1
270,503,15,33,1
1888,500,16,26,1
1973,200,79,31,1
796,200,26,38,0
1027,200,86,69,1
985,503,78,73,1
758,200,58,42,0
450,200,17,29,0
1583,503,95,22,1
1502,500,33,62,1
1652,200,15,69,1
866,200,94,100,1
1874,200,26,87,1
505,200,12,50,0
1591,503,37,59,1
739,200,41,24,0
1797,503,38,82,1
1755,500,86,80,1
1963,200,19,32,1
1269,503,39,25,1
1829,200,91,40,1
1846,200,40,62,1
408,200,67,25,0
821,200,30,52,0
1929,200,23,77,1
665,500,62,32,1
1590,200,76,29,1
77,200,69,82,0
704,200,82,25,0
1489,503,72,58,1
1777,200,75,25,1
212,200,65,46,0
1662,200,11,35,1
805,200,77,68,0
1022,503,53,46,1
1913,200,38,20,1
1748,200,60,38,1
1510,200,93,88,1
1071,200,85,35,1
1546,500,21,23,1
1849,503,97,70,1
1705,503,96,69,1
187,200,93,42,1
1135,500,43,62,1
51,200,98,93,1
1459,500,43,63,1
316,200,61,64,0
1428,500,38,74,1
1288,500,25,85,1
757,200,35,88,0
1786,503,70,90,1
1332,200,64,38,1
1607,200,17,56,1
1563,503,98,37,1
1493,500,72,28,1
835,200,89,41,1
561,500,72,82,1
1017,500,92,30,1
1823,503,33,51,1
1451,503,85,32,1
800,200,76,22,0
680,200,95,34,1
917,503,46,89,1
963,200,52,57,0
1322,503,15,87,1
535,500,20,63,1
1408,200,73,79,1
1838,200,10,51,1
1276,200,57,47,1
208,500,88,37,1
194,200,100,39,1
1116,200,26,53,1
516,503,80,75,1
1539,200,31,40,1
1264,200,97,42,1
589,503,100,21,1
1454,200,53,72,1
187,200,70,56,0
619,200,10,89,0
1406,503,33,56,1
1367,500,45,24,1
1735,200,87,83,1
366,503,35,54,1
1237,503,13,29,1
556,200,12,67,0
950,200,36,62,0
1379,503,80,38,1
189,503,55,80,1
438,200,49,82,0
1275,200,50,40,1
1077,503,53,76,1
991,200,15,61,0
1189,200,30,68,1
1725,503,57,95,1
1677,200,56,81,1
1386,200,83,38,1
664,200,63,44,0
1887,503,73,21,1
254,503,89,96,1
1274,500,84,50,1
1613,503,53,21,1
908,500,36,96,1
1948,500,37,37,1
601,200,94,21,1
247,200,21,42,0
302,200,46,76,0
1619,500,25,47,1
1443,503,51,67,1
616,503,45,80,1
1826,200,36,82,1
1534,200,20,39,1
706,200,50,83,0
1095,200,78,89,1
1783,200,30,46,1
1241,200,89,65,1
118,200,14,55,0
249,200,50,91,0
1971,200,58,38,1
1750,503,41,72,1
1192,200,59,49,1
927,200,53,83,0
1525,200,73,69,1
626,500,65,51,1
994,200,10,90,0
1921,500,96,44,1
182,200,95,46,1
180,200,98,43,1
1710,200,30,58,1
1258,500,27,38,1
1403,200,67,83,1
1837,503,12,48,1
1104,503,64,22,1
924,500,59,76,1
110,200,84,32,0
1780,200,85,70,1
1204,503,95,29,1
1612,500,38,22,1
927,503,23,100,1
1932,503,23,24,1
1152,200,24,61,1
465,503,57,36,1
478,200,59,61,0
472,500,62,78,1
396,200,72,55,0
1666,200,29,58,1
1725,200,31,87,1
1750,200,36,96,1
1843,503,94,75,1
1276,503,78,58,1
423,200,44,40,0
81,200,57,37,0
1670,200,93,66,1
946,503,78,70,1
1233,200,99,79,1
1764,200,18,63,1
866,503,21,54,1
1068,200,43,91,1
1774,200,94,66,1
534,500,16,84,1
992,200,39,76,0
277,200,92,22,1
1965,503,17,60,1
770,200,64,97,0
90,200,66,78,0
1945,503,58,42,1
162,503,34,55,1
156,500,76,78,1
1032,500,99,47,1
946,500,50,71,1
584,200,78,73,0
570,200,24,91,0
1070,503,12,61,1
1639,200,45,73,1
1757,200,12,53,1
1891,200,14,43,1
992,503,54,59,1
64,503,64,66,1
1195,503,82,42,1
1355,200,58,49,1
1044,503,91,68,1
1181,200,94,36,1
1103,200,65,48,1
720,200,97,78,1
1379,200,70,67,1
688,200,50,67,0
918,503,88,80,1
641,500,52,62,1
1648,200,58,80,1
457,200,70,86,0
1840,200,39,89,1
1941,200,94,84,1
1858,503,93,79,1
1194,200,47,52,1
77,200,80,56,0
734,200,37,41,0
789,200,82,30,0
927,200,69,72,0
684,200,31,65,0
109,200,77,89,0
1181,200,94,68,1
154,503,11,43,1
922,200,74,48,0
1447,200,45,94,1
591,200,85,89,0
1778,500,64,70,1
460,200,51,46,0
1821,500,75,65,1
983,200,64,61,0
561,503,77,77,1
174,200,85,78,0
954,503,79,62,1
906,200,41,52,0
1306,200,35,62,1
1654,200,63,85,1
1753,200,81,34,1
424,500,92,88,1
1037,500,90,32,1
1698,503,84,60,1
253,200,93,56,1
1215,503,89,73,1
1801,200,65,90,1
768,500,81,61,1
664,503,60,75,1
469,500,30,34,1
1364,200,17,91,1
1532,200,24,83,1
236,200,36,76,0
912,200,46,26,0
471,200,51,31,0
1158,200,32,72,1
278,200,13,55,0
152,500,18,72,1
353,200,98,96,1
1136,200,72,28,1
597,503,49,55,1
236,200,88,26,1
1210,503,85,26,1
1260,500,56,29,1
1890,500,24,26,1
1968,200,65,42,1
1425,503,43,60,1
1204,500,85,57,1
664,200,51,61,0
1790,200,60,40,1
1789,200,16,70,1
1151,200,32,68,1
195,200,89,33,1
1420,200,65,87,1
1443,500,41,57,1
190,200,77,24,0
1210,200,75,29,1
1327,503,86,25,1
609,200,64,54,0
1173,503,24,25,1
1066,200,13,81,1
1436,200,63,51,1
418,500,86,87,1
1480,200,58,92,1
1006,200,26,57,1
652,200,19,45,0
607,200,11,79,0
816,200,76,55,0
264,200,11,81,0
886,200,25,23,0
750,200,30,68,0
1940,503,100,48,1
259,200,77,37,0
352,500,24,75,1
1987,200,85,37,1
1126,503,63,84,1
475,500,62,22,1
656,200,56,39,0
1761,200,33,36,1
1986,500,33,49,1
1369,200,72,68,1
351,200,53,49,0
196,200,86,88,1
1035,200,98,52,1
660,500,21,28,1
493,200,13,63,0
1686,200,45,46,1
296,200,81,31,0
1731,500,84,62,1
1596,200,36,48,1
127,200,46,66,0
1091,500,16,74,1
1775,200,93,24,1
1456,200,42,42,1
103,500,90,66,1
1081,503,62,25,1
1832,503,93,41,1
920,200,86,45,1
133,200,70,47,0
604,200,40,99,0
1360,500,93,74,1
812,200,79,70,0
1742,200,55,22,1
485,200,34,32,0
1278,503,67,54,1
633,503,12,64,1
1544,200,88,85,1
468,200,50,89,0
449,200,20,66,0
623,200,87,76,1
1080,503,88,78,1
115,503,71,45,1
964,503,44,33,1
900,200,14,100,0
906,200,71,72,0
279,200,29,62,0
433,200,88,68,1
852,503,63,37,1
96,200,29,41,0
198,200,14,30,0
1261,500,97,23,1
217,500,88,85,1
1561,500,35,89,1
807,200,93,56,1
601,200,87,37,1
1386,503,52,53,1
814,200,45,76,0
1472,503,62,45,1
1370,200,100,65,1
151,200,81,46,0
1963,200,75,69,1
1278,200,13,28,1
916,200,55,74,0
701,200,59,83,0
467,503,18,93,1
1450,200,60,35,1
751,503,40,74,1
1734,503,39,59,1
1976,200,14,87,1
1992,200,85,41,1
1723,200,57,28,1
1912,200,23,37,1
878,200,48,99,0
995,200,43,82,0
321,200,36,37,0
1402,500,22,83,1
648,503,47,69,1
1543,500,68,44,1
1150,503,41,43,1
1722,200,35,22,1
926,200,76,59,0
820,500,62,44,1
722,200,94,87,1
482,503,57,88,1
1491,200,90,59,1
519,503,26,95,1
1969,200,38,53,1
1507,200,39,83,1
130,500,57,93,1
97,500,95,51,1
1506,200,98,67,1
2000,200,77,51,1
1831,200,27,68,1
1587,200,80,66,1
1364,200,12,59,1
1027,503,34,47,1
866,200,21,94,0
1139,200,23,50,1
342,503,73,87,1
1997,200,39,66,1
643,503,84,50,1
1949,500,68,100,1
1700,503,30,73,1
1329,200,93,60,1
288,200,56,86,0
1880,503,97,58,1
935,503,13,40,1
219,200,35,89,0
849,503,88,90,1
451,503,28,90,1
1627,200,78,72,1
497,503,96,85,1
1712,500,16,89,1
1406,500,11,75,1
671,500,72,51,1
1120,200,82,75,1
1637,500,49,29,1
1874,503,28,73,1
1735,500,36,74,1
503,503,62,91,1
1026,500,77,85,1
128,503,83,99,1
977,503,50,60,1
1568,200,29,85,1
1383,200,30,64,1
886,503,35,58,1
1777,503,24,82,1
1296,503,40,50,1
1283,200,71,96,1
406,503,28,62,1
1515,503,67,31,1
1318,503,98,35,1
1666,200,14,31,1
99,500,88,100,1
1358,200,81,67,1
1769,200,80,40,1
1822,200,56,37,1
1345,503,20,72,1
1042,200,52,68,1
402,503,72,88,1
1648,200,96,49,1
207,503,88,36,1
1683,500,12,81,1
114,200,33,80,0
1419,200,35,37,1
1819,200,38,74,1
1188,200,64,62,1
671,200,83,25,0
1942,200,48,37,1
871,200,37,37,0
1943,503,65,43,1
580,200,95,53,1
125,500,11,82,1
1949,503,61,28,1
1543,503,78,91,1
944,500,100,80,1
907,200,29,20,0
1858,200,91,60,1
1849,500,65,99,1
1713,500,17,69,1
1678,503,38,82,1
432,200,26,72,0
1213,200,57,78,1
1855,503,36,30,1
1999,200,71,59,1
626,200,65,67,0
138,500,63,20,1
1988,200,61,23,1
865,500,45,60,1
230,200,45,61,0
1063,503,46,24,1
1695,200,72,95,1
1408,200,65,64,1
839,200,87,88,1
1457,200,50,65,1
578,503,82,54,1
1981,200,76,96,1
929,200,42,46,0
160,200,36,89,0
345,200,70,41,0
152,200,64,26,0
1972,200,97,83,1
1121,500,100,43,1
1093,500,95,71,1
282,503,93,33,1
298,503,89,27,1
1521,200,35,84,1
1990,200,26,66,1
1616,200,28,62,1
868,503,65,73,1
1082,200,95,31,1
1515,200,73,74,1
1116,200,90,46,1
1849,200,45,41,1
702,200,82,50,0
735,503,73,32,1
1770,200,97,30,1
1827,200,90,40,1
1115,200,56,30,1
58,200,11,82,0
992,500,75,45,1
581,503,43,34,1
76,200,65,40,0
1580,503,67,65,1
812,200,42,81,0
932,200,100,72,1
280,200,47,45,0
383,500,29,56,1
1213,200,41,94,1
655,500,55,100,1
1834,500,45,59,1
550,500,75,99,1
138,200,96,22,1
1251,200,17,92,1
460,200,74,32,0
942,503,60,54,1
1390,500,31,84,1
372,200,33,58,0
1661,200,75,67,1
1748,200,12,24,1
1351,503,36,80,1
1794,500,25,72,1
1615,200,88,83,1
1330,503,28,32,1
734,200,19,73,0
1157,503,18,95,1
1070,200,13,24,1
54,200,54,59,0
1130,503,56,87,1
478,200,94,62,1
531,200,89,90,1
603,500,43,47,1
1155,503,59,22,1
1020,500,75,94,1
1376,200,100,27,1
1419,200,55,73,1
1595,200,76,50,1
1404,500,26,81,1
1545,200,32,77,1
54,500,87,96,1
406,200,89,40,1
1011,500,97,85,1
357,500,59,36,1
316,200,61,63,0
1420,200,66,22,1
1496,500,70,71,1
1298,200,30,92,1
315,200,24,27,0
762,200,86,60,1
1292,200,48,40,1
1189,200,55,98,1
223,200,70,34,0
602,503,68,49,1
760,503,46,73,1
718,200,91,50,1
1420,200,76,95,1
482,200,31,46,0
138,503,64,71,1
148,500,78,54,1
1204,500,79,87,1
1735,500,23,46,1
1895,503,55,62,1
566,500,68,67,1
1564,503,30,99,1
365,200,80,45,0
814,500,65,83,1
1423,200,89,68,1
1498,500,81,78,1
260,200,36,71,0
284,200,72,59,0
1928,200,85,90,1
1979,200,86,68,1
1602,200,89,37,1
726,500,23,71,1
644,200,26,77,0
1343,200,74,40,1
1501,503,83,29,1
222,500,76,66,1
1974,500,67,20,1
100,500,59,22,1
1041,503,41,26,1
821,500,86,74,1
202,503,73,69,1
1149,200,56,59,1
1326,500,45,35,1
73,200,48,26,0
910,200,43,88,0
1662,503,73,93,1
1144,200,48,68,1
1396,200,54,53,1
1539,200,13,96,1
1569,503,100,73,1
1891,503,89,27,1
1452,500,39,50,1
765,500,96,41,1
1226,503,99,30,1
653,503,79,77,1
1788,503,31,92,1
598,200,92,99,1
133,200,86,60,1
514,200,30,73,0
1279,200,71,34,1
1059,200,55,98,1
1225,200,56,78,1
1320,200,49,80,1
402,500,64,63,1
865,503,33,42,1
684,200,48,21,0
1811,200,12,50,1
1085,200,55,92,1
98,200,50,60,0
88,500,73,46,1
119,503,10,70,1
471,500,77,84,1
1526,200,47,50,1
1315,200,32,93,1
827,200,77,50,0
395,200,87,96,1
273,200,71,73,0
226,200,56,45,0
1162,500,66,43,1
1034,503,11,63,1
798,500,27,52,1
1249,500,72,67,1
1326,503,73,73,1
188,200,35,78,0
1899,500,79,66,1
140,200,64,78,0
364,200,77,68,0
1362,503,61,57,1
1796,500,14,24,1
1044,500,49,61,1
288,200,14,70,0
59,200,27,28,0
997,200,90,83,1
1564,200,31,59,1
795,200,72,59,0
1098,200,39,49,1
1373,500,50,95,1
1501,500,69,67,1
1438,200,22,74,1
521,500,30,79,1
907,200,72,41,0
1615,503,15,39,1
1896,503,79,97,1
213,500,62,22,1
1980,200,70,44,1
1667,200,31,75,1
253,200,38,48,0
1539,200,11,37,1
584,200,34,65,0
1000,503,96,69,1
1477,500,58,78,1
1415,500,65,51,1
1387,503,14,83,1
379,500,13,76,1
1663,200,62,68,1
1573,200,85,76,1
364,200,20,52,0
1681,500,27,88,1
888,503,83,56,1
955,503,47,78,1
539,503,81,42,1
1773,500,91,92,1
1254,500,78,68,1
1542,200,22,97,1
1594,500,58,24,1
1406,200,43,56,1
491,200,46,58,0
1663,500,64,72,1
639,500,15,93,1
1745,500,96,70,1
1537,503,12,64,1
531,200,65,92,0
1471,500,17,44,1
1113,500,36,35,1
1676,500,99,55,1
1238,500,45,54,1
1716,200,87,71,1
852,200,77,61,0
542,200,52,32,0
1173,200,23,99,1
374,200,91,84,1
1480,500,19,94,1
474,500,28,48,1
147,500,21,40,1
1786,500,65,74,1
1554,200,12,78,1
275,500,82,50,1
836,503,86,20,1
1042,200,41,45,1
1187,200,14,48,1
1016,503,20,81,1
1425,503,25,50,1
1681,200,97,82,1
766,200,94,84,1
1794,503,93,91,1
545,200,92,82,1
654,200,15,91,0
559,200,85,52,0
1649,200,58,30,1
1955,200,90,47,1
712,503,45,84,1
1447,200,100,88,1
234,200,44,40,0
1108,200,85,63,1
259,503,31,84,1
1250,200,30,28,1
1761,200,51,29,1
1724,200,60,45,1
710,200,37,85,0
1258,200,28,92,1
380,200,51,39,0
1571,503,63,86,1
917,200,48,34,0
1740,500,93,45,1
1179,500,70,73,1
169,500,23,42,1
1935,200,66,75,1
1009,200,48,60,1
1999,200,40,87,1
923,200,53,44,0
1263,200,29,72,1
892,200,89,100,1
253,500,35,62,1
1330,500,91,84,1
1723,503,48,61,1
557,200,88,83,1
923,200,96,95,1
1543,200,18,52,1
1377,200,37,59,1
1336,503,52,44,1
505,200,24,52,0
539,500,33,75,1
315,500,97,44,1
498,200,67,46,0
1931,200,18,89,1
443,200,99,35,1
1759,200,63,88,1
306,200,12,81,0
1178,200,77,29,1
1495,200,56,26,1
193,200,12,48,0
183,500,89,66,1
163,500,55,35,1
420,200,60,68,0
633,200,23,33,0
385,503,56,58,1
1802,503,95,60,1
1166,503,89,93,1
1477,500,67,63,1
572,200,97,28,1
937,500,28,74,1
461,200,65,39,0
242,200,62,45,0
1747,503,51,32,1
65,500,33,44,1
1137,200,44,93,1
834,200,35,56,0
1548,500,76,83,1
1725,500,13,91,1
1148,500,33,65,1
1455,200,22,33,1
1419,200,35,45,1
1716,200,99,81,1
1556,200,53,43,1
122,200,55,97,0
209,200,56,98,0
1892,500,45,32,1
814,200,51,94,0
1868,503,72,90,1
157,503,94,56,1
762,200,53,34,0
1736,200,56,24,1
1999,200,62,38,1
1188,200,49,66,1
1496,200,86,44,1
1493,200,38,83,1
1077,500,26,68,1
1561,500,86,21,1
1046,200,17,54,1
356,200,82,45,0
1076,200,12,85,1
771,200,28,56,0
1886,200,61,99,1
1790,200,33,35,1
276,200,95,60,1
1265,200,95,65,1
1672,500,50,89,1
1775,503,36,22,1
1226,503,44,84,1
1755,200,74,30,1
1461,200,14,53,1
206,200,58,73,0
1452,200,99,37,1
1732,503,16,26,1
595,200,35,37,0
1020,200,86,37,1
816,200,98,47,1
692,500,12,58,1
1445,200,31,32,1
1004,200,19,93,1
1868,200,33,63,1
126,200,68,59,0
547,503,70,93,1
1367,200,36,22,1
1426,200,100,78,1
441,503,51,25,1
602,200,58,40,0
1761,200,68,72,1
1063,200,30,22,1
234,500,86,74,1
1765,200,24,46,1
1178,200,32,25,1
1417,200,67,64,1
387,500,36,96,1
1684,500,85,77,1
355,200,100,81,1
1134,500,30,53,1
602,200,86,35,1
1634,503,65,70,1
1378,200,58,86,1
1611,200,29,41,1
463,200,17,87,0
1881,200,13,55,1
67,200,37,82,0
51,200,68,55,0
655,200,97,24,1
796,200,23,94,0
1792,200,14,41,1
1930,200,44,40,1
812,200,18,40,0
514,500,72,61,1
1759,200,73,61,1
243,500,71,95,1
1094,200,88,21,1
1342,200,80,97,1
661,503,56,27,1
1861,500,81,36,1
132,500,58,71,1
1309,200,37,93,1
1399,200,98,35,1
1961,500,23,82,1
977,200,43,73,0
1268,503,98,62,1
651,503,17,32,1
1143,200,70,90,1
1152,200,63,29,1
1385,200,92,70,1
1596,503,63,64,1
145,503,61,49,1
1456,200,73,84,1
73,200,17,77,0
918,200,70,49,0
617,200,72,40,0
1573,200,43,92,1
231,200,73,70,0
574,500,43,41,1
1552,503,64,45,1
409,500,72,53,1
955,503,67,96,1
1726,500,68,41,1
375,500,37,74,1
877,500,13,83,1
1582,503,35,63,1
1857,503,76,35,1
527,503,88,33,1
1574,200,15,37,1
570,500,61,98,1
1495,200,23,83,1
1093,200,77,76,1
631,200,38,33,0
1960,503,24,29,1
940,200,18,31,0
1302,200,82,93,1
1219,200,54,38,1
1488,200,83,73,1
858,200,21,42,0
790,500,88,23,1
1459,500,48,89,1
147,500,44,60,1
1700,200,82,41,1
125,200,49,91,0
71,503,42,32,1
1597,500,44,21,1
1224,200,82,46,1
1719,200,19,60,1
618,200,29,98,0
278,200,22,67,0
862,200,68,20,0
1711,200,72,70,1
1675,500,64,61,1
713,200,99,45,1
264,200,82,37,0
253,200,75,98,0
101,500,94,73,1
617,500,48,49,1
287,200,92,51,1
177,200,28,92,0
817,503,99,53,1
1197,200,50,45,1
419,200,27,47,0
702,503,100,54,1
1150,200,97,34,1
1977,200,92,78,1
841,200,42,90,0
1742,200,19,83,1
1836,200,77,81,1
820,200,41,53,0
401,500,65,93,1
862,500,60,70,1
1786,200,49,96,1
885,200,39,63,0
1740,500,29,74,1
391,503,18,48,1
713,200,45,48,0
1098,200,86,72,1
719,200,21,86,0
1445,200,47,38,1
1597,200,67,82,1
1913,200,10,68,1
1316,500,99,49,1
568,500,95,22,1
440,200,97,55,1
522,200,24,47,0
1072,200,39,86,1
899,500,55,28,1
192,200,77,58,0
379,200,56,96,0
999,503,92,35,1
1403,200,77,35,1
1072,500,42,60,1
906,500,73,22,1
1355,200,58,67,1
425,200,32,47,0
1011,503,100,85,1
1374,200,29,57,1
388,503,18,92,1
241,200,86,29,1
1117,200,27,37,1
427,200,58,94,0
1462,503,71,87,1
562,200,68,70,0
1718,200,33,41,1
888,200,95,48,1
825,503,77,48,1
1980,500,93,45,1
1795,503,51,44,1
1353,503,21,60,1
116,200,23,27,0
1140,503,94,50,1
1545,200,13,53,1
1608,503,37,97,1
407,500,51,42,1
1277,500,18,79,1
345,200,42,87,0
720,503,31,33,1
1886,200,13,33,1
827,500,81,43,1
816,200,32,55,0
1313,200,79,26,1
1733,200,63,47,1
172,200,39,62,0
1360,503,65,27,1
1208,200,59,62,1
515,200,72,97,0
777,200,13,45,0
182,200,65,75,0
1601,500,44,54,1
207,500,56,45,1
517,200,99,31,1
256,503,34,63,1
732,200,57,32,0
1968,200,95,67,1
292,200,15,84,0
1452,503,31,71,1
1701,500,16,56,1
1223,200,42,98,1
1130,200,68,80,1
1405,200,77,47,1
482,500,12,42,1
1823,500,31,96,1
78,500,18,39,1
1804,500,50,40,1
1077,503,46,56,1
191,200,33,22,0
1379,500,34,87,1
1291,200,78,100,1
1031,500,70,86,1
328,200,56,68,0
939,500,47,28,1
262,200,30,75,0
1923,200,85,95,1
1677,500,66,79,1
946,500,62,47,1
113,503,99,41,1
1647,200,68,92,1
1257,200,93,29,1
1627,200,86,43,1
1333,503,62,50,1
578,200,59,92,0
1860,200,29,26,1
1805,200,20,48,1
1911,200,59,62,1
1378,200,94,40,1
86,200,13,95,0
942,200,12,91,0
129,200,100,82,1
1508,200,79,64,1
1927,200,99,35,1
1633,500,13,75,1
1512,200,36,40,1
1236,500,100,91,1
585,503,56,25,1
1472,200,18,89,1
735,200,28,96,0
1908,200,11,50,1
1348,200,52,81,1
1194,200,99,65,1
1357,500,45,55,1
1954,503,38,29,1
833,503,93,99,1
1479,503,28,54,1
788,503,21,72,1
854,200,91,63,1
398,200,84,69,0
1731,200,99,48,1
1978,200,13,93,1
63,503,77,75,1
1628,200,72,51,1
853,503,16,26,1
1896,503,45,34,1
1854,500,57,25,1
1369,200,12,84,1
1750,200,14,58,1
875,200,24,42,0
720,200,70,41,0
314,200,82,72,0
1431,200,88,46,1
833,200,81,83,0
204,503,20,97,1
1366,200,38,20,1
1347,200,55,55,1
899,200,56,44,0
1185,503,62,56,1
770,500,18,57,1
515,200,79,98,0
135,500,17,25,1
535,200,64,65,0
1383,200,61,52,1
1387,200,96,27,1
369,503,31,76,1
1296,200,34,63,1
779,200,46,77,0
1785,503,64,58,1
1430,503,83,56,1
99,500,17,72,1
1661,500,50,87,1
1230,500,82,45,1
1900,200,85,87,1
1334,200,39,55,1
167,503,13,78,1
457,503,15,91,1
347,200,30,90,0
1687,200,48,65,1
137,200,59,21,0
710,200,19,86,0
1009,500,31,52,1
1828,200,15,93,1
1527,200,89,81,1
1036,200,94,86,1
1063,500,38,63,1
475,200,47,89,0
1562,503,85,59,1
704,503,40,83,1
1807,200,12,40,1
87,500,64,57,1
116,200,24,77,0
136,200,33,88,0
1070,500,14,34,1
370,200,59,67,0
112,503,78,52,1
1869,500,94,44,1
1984,200,90,69,1
1947,200,15,24,1
730,200,59,35,0
1404,500,33,68,1
1511,200,17,82,1
1153,200,77,100,1
657,200,28,68,0
1789,500,15,41,1
289,200,74,47,0
1405,503,74,34,1
1567,200,13,31,1
78,500,75,58,1
1189,200,94,26,1
255,500,57,34,1
1789,200,55,83,1
621,500,97,46,1
132,503,49,98,1
264,503,92,26,1
1345,503,13,71,1
628,200,25,41,0
916,500,66,55,1
1681,200,28,69,1
190,200,66,54,0
527,500,57,52,1
150,503,93,24,1
317,200,15,37,0
940,500,80,75,1
166,503,15,79,1
582,503,90,43,1
1838,500,67,82,1
993,503,68,93,1
628,200,55,66,0
636,503,55,34,1
255,200,92,90,1
402,200,26,20,0
1081,200,33,67,1
659,500,64,85,1
810,200,33,67,0
867,503,59,26,1
566,503,15,79,1
98,503,48,59,1
1775,200,38,88,1
327,200,65,56,0
429,500,96,31,1
791,200,26,87,0
1590,503,49,48,1
405,500,31,52,1
422,500,80,46,1
981,200,30,94,0
405,500,95,54,1
1988,200,12,41,1
644,503,55,39,1
1116,503,23,66,1
1069,500,77,72,1
191,200,26,21,0
201,200,21,31,0
1318,503,77,39,1
719,200,30,87,0
1873,503,21,44,1
768,200,54,91,0
216,200,98,53,1
1716,200,69,44,1
173,503,18,35,1
1859,503,21,95,1
394,200,23,38,0
1583,500,83,43,1
405,200,57,66,0
1142,200,22,74,1
1165,200,30,60,1
1894,200,28,93,1
647,200,14,44,0
761,500,59,43,1
1770,200,59,68,1
160,200,17,97,0
695,200,86,34,1
1463,200,85,36,1
608,500,39,98,1
1000,503,81,53,1
1500,500,64,87,1
1370,500,69,28,1
509,503,70,46,1
1097,503,74,20,1
339,503,14,58,1
401,200,11,93,0
1148,500,62,50,1
1615,200,85,51,1
655,503,79,73,1
1658,503,84,21,1
1165,503,28,42,1
1906,200,48,45,1
1987,200,85,41,1
658,200,99,92,1
653,200,53,82,0
1117,200,36,43,1
279,200,57,90,0
743,200,73,82,0
785,500,81,83,1
1316,200,53,33,1
1517,200,81,44,1
351,200,20,96,0
1342,200,97,50,1
314,200,52,64,0
1028,200,73,61,1
1543,200,40,21,1
598,503,69,94,1
799,500,68,92,1
1095,503,99,55,1
1702,200,62,48,1
715,200,90,40,1
1004,200,63,72,1
1215,200,39,63,1
1020,503,96,23,1
666,200,14,27,0
674,500,61,84,1
1126,500,48,37,1
1045,500,38,25,1
1157,200,17,31,1
1007,200,31,32,1
632,200,45,31,0
1895,200,24,75,1
1304,500,35,67,1
149,200,89,41,1
1144,200,76,88,1
1312,200,68,87,1
1459,503,83,47,1
1217,200,87,61,1
1392,503,50,89,1
1615,503,42,22,1
1033,200,10,62,1
296,503,90,91,1
713,200,26,33,0
617,503,26,98,1
1009,500,58,56,1
195,200,59,62,0
916,200,27,39,0
1249,200,92,90,1
76,200,13,20,0
1088,200,52,89,1
322,500,54,73,1
1642,503,17,69,1
338,503,87,95,1
688,503,32,53,1
713,200,85,77,0
1477,200,83,86,1
1248,503,59,77,1
726,200,31,31,0
1946,200,50,96,1
1700,503,68,60,1
1303,503,15,43,1
470,200,30,95,0
981,503,84,22,1
1996,200,62,60,1
387,500,76,99,1
1606,200,85,61,1
1928,200,90,62,1
1199,503,93,37,1
786,500,46,20,1
1650,200,80,83,1
692,200,28,47,0
655,200,28,86,0
1915,500,40,58,1
1138,500,20,73,1
144,500,78,31,1
781,200,81,64,0
436,500,100,22,1
1520,503,82,100,1
1257,503,87,31,1
742,200,77,56,0
1826,200,15,32,1
384,503,37,43,1
1836,503,64,36,1
1797,200,89,35,1
1503,200,33,64,1
1257,200,42,85,1
776,500,71,33,1
619,200,25,23,0
1965,200,26,55,1
804,200,51,44,0
1857,200,69,42,1
323,503,59,56,1
1787,200,24,46,1
886,200,67,60,0
1182,500,46,20,1
477,200,51,91,0
1151,500,28,20,1
1322,200,55,93,1
1785,500,84,27,1
1266,200,91,100,1
1483,200,12,80,1
1032,200,49,49,1
1145,200,83,82,1
361,200,21,66,0
1196,503,98,71,1
1820,503,56,93,1
475,500,10,41,1
110,200,98,81,1
537,200,69,46,0
892,200,18,59,0
491,200,53,65,0
379,200,36,50,0
282,503,68,66,1
1637,200,32,42,1
754,200,44,95,0
907,200,64,35,0
356,200,14,89,0
1535,503,70,68,1
652,200,45,82,0
1998,200,90,22,1
426,500,100,50,1
441,200,41,46,0
1084,200,38,29,1
546,503,42,26,1
658,200,66,30,0
1098,200,24,34,1
1122,503,85,20,1
276,503,57,98,1
1029,200,89,42,1
859,200,61,88,0
1146,200,95,87,1
216,200,46,53,0
123,200,46,52,0
1558,200,60,54,1
302,200,31,24,0
198,200,22,54,0
1329,200,37,25,1
862,500,58,56,1
913,200,34,38,0
1243,200,22,82,1
1760,200,21,32,1
1451,503,68,99,1
1885,503,71,86,1
525,200,34,82,0
1686,200,67,82,1
1734,500,28,29,1
1261,200,95,32,1
1356,200,65,90,1
180,500,11,20,1
1827,200,65,90,1
391,200,38,56,0
1839,200,94,39,1
775,503,38,83,1
1637,200,85,41,1
302,200,35,94,0
1263,200,47,30,1
1510,200,75,98,1
702,200,58,85,0
1005,200,40,60,1
868,200,18,86,0
968,200,76,80,0
805,200,34,82,0
193,500,52,62,1
479,200,30,38,0
265,200,69,91,0
453,200,14,76,0
1529,500,41,23,1
1806,500,20,74,1
60,200,49,53,0
1525,200,87,80,1
1839,200,85,55,1
216,200,13,87,0
1602,200,61,86,1
440,200,73,27,0
1766,200,52,50,1
1802,503,34,59,1
728,200,29,64,0
1389,500,20,100,1
1942,503,76,60,1
1358,200,65,30,1
1332,200,78,67,1
1212,500,29,74,1
267,500,72,80,1
1957,200,76,40,1
406,200,27,77,0
611,200,94,31,1
1477,500,30,94,1
1541,503,61,77,1
1760,200,14,63,1
1526,200,32,94,1
1275,200,80,98,1
550,503,49,25,1
1266,500,81,30,1
1557,200,62,77,1
1166,503,60,85,1
297,503,63,74,1
430,200,21,70,0
650,200,11,75,0
1666,200,51,25,1
716,200,40,70,0
1878,200,92,59,1
317,200,37,54,0
1207,200,32,89,1
1943,200,77,93,1
371,200,18,55,0
237,200,73,48,0
686,500,65,56,1
569,200,86,51,1
1597,200,10,31,1
714,200,24,90,0
633,500,58,81,1
1002,500,41,56,1
1001,500,37,48,1
1769,500,43,77,1
1434,200,10,28,1
1063,200,50,53,1
1254,503,89,57,1
1166,200,72,79,1
722,503,42,57,1
489,200,67,30,0
282,200,19,78,0
258,200,28,74,0
1583,503,91,81,1
544,200,43,91,0
332,200,61,21,0
1640,200,73,89,1
699,503,71,62,1
383,200,12,67,0
504,200,18,89,0
1526,500,15,87,1
283,200,36,20,0
858,200,10,72,0
310,200,67,65,0
859,503,61,21,1
867,500,66,97,1
1188,500,95,73,1
218,503,52,85,1
1221,200,94,76,1
1635,500,41,48,1
1771,200,29,44,1
307,503,45,37,1
1964,503,93,55,1
379,200,62,34,0
1095,200,73,31,1
799,200,29,74,0
453,503,62,60,1
1577,200,42,38,1
117,500,39,25,1
984,503,32,64,1
1888,503,94,52,1
637,500,26,21,1
1961,200,28,89,1
1262,200,83,58,1
1990,500,38,98,1
566,200,32,41,0
205,200,70,88,0
947,200,89,23,1
1446,503,81,62,1
1234,500,28,20,1
329,503,91,62,1
1187,503,41,71,1
64,200,75,48,0
1325,200,58,73,1
345,200,57,89,0
612,200,81,71,0
737,500,85,44,1
489,200,27,70,0
1261,503,36,20,1
439,200,58,79,0
1170,200,24,55,1
145,500,52,98,1
1219,200,64,96,1
255,200,14,57,0
568,503,98,34,1
707,500,93,100,1
985,500,74,73,1
868,503,15,53,1
1858,200,76,97,1
1093,503,43,25,1
1675,200,47,53,1
685,200,39,97,0
1336,503,50,79,1
598,503,21,30,1
83,200,79,65,0
1355,200,33,53,1
1791,500,38,65,1
1047,200,58,42,1
1062,200,46,87,1
260,200,65,57,0
85,200,91,62,1
627,503,40,96,1
1693,200,73,82,1
1850,200,61,77,1
1482,503,86,72,1
1975,503,32,61,1
1179,200,97,26,1
385,200,46,32,0
758,503,80,50,1
137,200,94,52,1
1880,200,73,59,1
1705,200,95,60,1
215,200,27,48,0
777,500,36,48,1
238,503,53,43,1
1674,500,26,97,1
689,200,89,44,1
1205,200,42,22,1
911,200,63,25,0
1990,200,77,72,1
764,503,41,92,1
758,500,90,22,1
423,503,25,72,1
711,200,31,72,0
520,200,39,69,0
1113,200,64,21,1
1542,200,45,88,1
107,200,82,43,0
1222,200,60,73,1
518,500,89,48,1
1093,200,73,39,1
1833,200,38,73,1
861,500,15,75,1
1111,200,82,61,1
1291,200,51,65,1
1869,200,67,75,1
341,500,13,71,1
1801,503,75,77,1
1063,500,13,88,1
1287,500,14,67,1
1458,503,42,23,1
861,503,23,28,1
944,503,22,65,1
527,200,55,55,0
1330,200,99,38,1
772,500,23,68,1
192,200,44,86,0
131,503,75,58,1
1298,200,14,65,1
433,200,87,93,1
198,503,57,38,1
1338,200,63,72,1
1007,200,59,37,1
325,200,62,90,0
1382,503,43,86,1
230,200,25,44,0
1537,503,44,93,1
1254,500,37,37,1
1058,200,75,89,1
376,200,62,38,0
621,503,26,53,1
1340,200,48,82,1
1698,200,56,39,1
1659,503,51,33,1
568,200,44,97,0
1060,503,11,97,1
100,200,78,94,0
1459,200,21,39,1
178,200,29,75,0
1027,500,47,90,1
407,500,44,83,1
1211,503,58,37,1
1884,500,35,81,1
945,500,80,63,1
183,500,98,51,1
499,200,26,46,0
1927,500,21,30,1
775,503,24,49,1
1623,200,92,41,1
822,500,89,21,1
652,503,58,24,1
1408,200,80,94,1
148,200,30,63,0
781,500,48,51,1
739,503,71,92,1
1083,200,100,23,1
1621,200,55,96,1
1449,200,22,84,1
87,200,27,26,0
1945,200,87,96,1
1812,200,20,81,1
1314,200,60,33,1
780,503,35,68,1
939,200,28,25,0
1929,200,83,45,1
254,503,85,74,1
1982,200,25,91,1
171,200,64,53,0
261,500,83,59,1
870,500,82,54,1
1562,500,59,59,1
700,500,60,80,1
1200,200,75,96,1
57,503,84,63,1
80,503,79,48,1
1995,200,61,73,1
1130,503,95,69,1
1368,200,60,75,1
1151,503,95,39,1
917,200,42,32,0
1959,500,43,39,1
1248,200,94,37,1
963,200,54,72,0
1788,503,82,37,1
1830,200,19,36,1
1993,500,53,21,1
1112,200,31,58,1
440,200,53,35,0
1948,500,57,27,1
573,200,42,39,0
277,200,31,63,0
1260,503,58,97,1
1470,200,21,90,1
790,200,99,30,1
1228,500,62,83,1
1190,200,40,45,1
280,503,79,92,1
1607,500,36,53,1
250,500,65,41,1
338,200,21,99,0
721,200,86,85,1
1559,200,92,84,1
392,200,15,72,0
1827,503,85,94,1
1194,500,41,69,1
1911,500,64,88,1
143,200,90,51,1
627,500,42,95,1
310,500,28,89,1
1157,200,40,38,1
1623,503,74,78,1
840,200,52,30,0
1241,500,98,95,1
1551,200,73,37,1
1301,500,13,21,1
92,503,84,74,1
1065,503,85,98,1
935,200,55,60,0
1325,200,10,35,1
1166,500,53,97,1
1847,200,78,30,1
405,500,17,97,1
1177,500,32,33,1
660,503,98,33,1
1140,200,47,41,1
1956,503,77,69,1
1937,503,50,73,1
1049,500,47,35,1
311,200,54,53,0
1200,503,89,27,1
1694,200,44,22,1
1124,503,31,86,1
1125,500,29,83,1
292,500,59,67,1
578,200,85,54,0
893,500,41,54,1
969,503,49,52,1
912,503,40,77,1
1621,503,54,62,1
1176,200,19,37,1
1000,200,11,58,0
865,200,20,24,0
658,200,61,20,0
1801,500,63,64,1
768,200,64,26,0
300,500,45,59,1
1784,200,48,97,1
1395,200,52,24,1
1487,200,89,44,1
1566,200,77,77,1
896,200,54,86,0
797,200,87,59,1
374,503,29,76,1
1533,200,76,50,1
525,200,53,81,0
460,503,93,56,1
1527,500,33,84,1
1908,200,65,47,1
190,500,79,26,1
108,200,90,94,1
148,200,83,77,0
1208,200,40,21,1
690,200,95,45,1
1333,200,24,44,1
1858,200,59,53,1
882,200,57,66,0
1307,200,65,54,1
1073,503,34,98,1
597,200,68,27,0
1914,200,55,72,1
509,200,58,85,0
1464,200,47,64,1
1305,500,83,90,1
115,200,83,100,0
1495,200,99,45,1
1449,503,79,93,1
227,200,96,39,1
1941,200,81,30,1
1234,500,69,42,1
149,200,20,75,0
805,500,63,81,1
819,200,26,62,0
1020,200,17,39,1
957,200,95,82,1
1952,503,83,89,1
1738,503,43,96,1
751,500,26,92,1
516,500,78,30,1
1592,200,41,74,1
94,200,88,86,1
1341,500,54,81,1
141,200,19,70,0
1531,200,31,78,1
1437,200,42,52,1
1430,500,35,52,1
933,200,39,51,0
684,500,68,62,1
558,500,47,29,1
426,503,41,99,1
230,500,82,71,1
460,200,99,80,1
259,200,68,37,0
1123,503,65,20,1
1114,200,87,68,1
249,200,51,67,0
1362,503,38,74,1
985,503,70,86,1
455,500,20,32,1
1873,500,93,93,1
1643,503,33,81,1
81,503,76,72,1
61,500,24,40,1
517,500,75,50,1
935,200,33,33,0
925,200,56,87,0
1849,500,94,33,1
1011,200,61,44,1
1136,503,53,63,1
557,200,17,97,0
208,200,88,42,1
1236,503,68,38,1
731,500,79,74,1
1399,503,45,89,1
1465,503,62,88,1
1714,200,35,42,1
73,200,33,34,0
1833,503,100,35,1
1189,500,39,36,1
318,200,36,78,0
333,200,28,69,0
554,200,18,78,0
814,200,28,55,0
1031,200,36,40,1
483,200,58,44,0
77,200,87,95,1
1043,200,62,34,1
1619,200,89,39,1
1565,200,85,69,1
970,503,57,58,1
64,200,19,42,0
371,200,97,94,1
1700,200,35,56,1
1173,503,75,39,1
834,200,59,43,0
1127,200,32,38,1
408,503,51,50,1
1962,500,40,96,1
1258,200,92,84,1
1206,503,21,97,1
1214,200,96,29,1
74,503,14,60,1
98,503,56,62,1
1312,503,82,55,1
790,200,92,98,1
1889,500,74,49,1
496,200,20,51,0
70,200,11,31,0
1575,200,81,67,1
450,200,38,76,0
1825,500,10,43,1
326,200,63,34,0
710,500,77,73,1
1681,500,55,69,1
1453,503,66,32,1
1346,503,29,27,1
1385,200,98,37,1
1620,200,53,59,1
1911,503,11,35,1
379,503,85,87,1
655,200,60,92,0
197,500,24,91,1
97,200,54,38,0
1465,200,80,61,1
208,200,15,74,0
1184,200,65,45,1
1727,200,81,74,1
164,503,38,37,1
1959,503,26,97,1
241,503,94,38,1
1709,200,63,34,1
977,503,39,60,1
1946,503,86,93,1
762,500,82,35,1
1966,503,71,30,1
1758,500,49,70,1
986,500,34,69,1
375,200,83,36,0
974,503,99,50,1
1799,200,34,65,1
1377,200,10,74,1
893,503,19,31,1
440,200,75,67,0
863,200,35,80,0
1241,500,79,62,1
1088,200,19,78,1
1423,503,34,44,1
1216,503,30,55,1
931,500,66,41,1
322,500,40,29,1
557,500,79,69,1
1126,200,49,40,1
1222,500,95,71,1
1843,503,34,41,1
930,500,86,22,1
1234,503,88,53,1
1265,200,69,31,1
197,200,43,33,0
1216,503,27,26,1
1104,500,76,97,1
1527,503,16,94,1
1145,503,89,56,1
296,500,81,58,1
1263,200,70,26,1
506,200,66,79,0
347,200,64,67,0
1277,200,99,39,1
645,500,30,99,1
742,200,62,63,0
1518,200,85,22,1
1313,200,32,97,1
149,503,38,45,1
594,200,36,76,0
1428,200,47,31,1
1088,200,29,56,1
553,200,18,30,0
1874,200,91,58,1
751,200,67,83,0
1497,500,18,76,1
755,200,28,76,0
1001,503,89,22,1
192,200,19,81,0
1286,503,29,44,1
1943,503,71,73,1
343,500,59,56,1
84,200,34,35,0
111,200,58,53,0
1160,503,48,73,1
852,200,49,29,0
266,500,98,52,1
1297,200,82,57,1
1322,200,20,24,1
605,200,77,40,0
352,200,11,21,0
1600,500,67,96,1
1573,200,34,78,1
1386,200,60,76,1
946,503,97,88,1
1458,500,41,100,1
1822,200,76,29,1
256,200,91,74,1
1617,200,17,61,1
302,200,41,71,0
1173,500,39,96,1
1015,500,87,100,1
344,200,47,41,0
769,200,58,79,0
1039,500,58,29,1
1786,503,25,51,1
1220,200,51,94,1
970,200,100,89,1
811,500,14,31,1
134,200,50,25,0
155,200,92,74,1
52,200,28,26,0
109,200,83,78,0
1252,500,30,57,1
1522,500,85,31,1
1979,503,91,23,1
671,500,49,37,1
1206,503,18,20,1
159,200,59,63,0
131,200,38,72,0
1921,200,86,87,1
1432,500,68,67,1
869,200,77,53,0
500,200,95,80,1
349,500,75,88,1
1091,200,17,61,1
1178,500,22,50,1
931,200,66,20,0
753,500,92,39,1
1818,200,54,60,1
1009,200,18,45,1
592,200,74,53,0
1267,500,60,86,1
209,500,16,87,1
1014,200,31,90,1
801,503,59,69,1
1922,503,100,90,1
1649,200,65,57,1
1540,200,100,89,1
1969,503,74,82,1
1590,500,79,68,1
939,200,69,78,0
1793,200,42,87,1
499,500,93,75,1
1104,200,69,84,1
1063,503,84,95,1
681,503,84,45,1
869,200,67,95,0
1629,500,12,83,1
1944,200,16,50,1
1037,500,90,84,1
1043,200,70,59,1
1217,200,32,71,1
489,200,81,46,0
1373,503,42,80,1
1102,503,77,48,1
726,500,38,71,1
1454,200,89,39,1
775,200,20,31,0
961,200,21,54,0
1811,200,46,34,1
279,503,96,71,1
438,200,54,68,0
1611,503,77,27,1
341,503,70,43,1
1587,200,51,54,1
183,500,33,74,1
1272,500,18,60,1
1173,200,62,65,1
1926,200,43,71,1
374,500,38,78,1
687,503,71,24,1
1291,503,29,77,1
996,200,42,95,0
1803,200,17,91,1
431,500,57,43,1
1415,200,84,81,1
448,503,18,49,1
1813,500,84,47,1
279,200,88,60,1
341,200,18,46,0
741,503,62,98,1
494,200,41,66,0
1907,200,51,74,1
131,200,47,58,0
1362,200,58,26,1
1955,200,90,89,1
897,500,43,100,1
195,503,39,37,1
1116,200,27,68,1
852,500,39,27,1
1965,200,89,69,1
1576,503,91,30,1
1535,200,42,83,1
598,200,15,31,0
1181,200,21,54,1
1711,500,78,90,1
1066,503,88,81,1
1660,503,80,60,1
193,500,48,94,1
1159,500,99,86,1
1213,503,45,58,1
1676,200,91,51,1
1881,200,36,66,1
597,200,46,49,0
310,200,10,71,0
1121,200,56,33,1
172,200,75,42,0
681,500,58,25,1
1507,200,86,90,1
821,200,54,80,0
1672,500,49,44,1
594,200,36,28,0
1910,500,21,33,1
519,200,92,44,1
1417,200,51,33,1
1422,503,55,100,1
261,500,30,40,1
875,200,100,51,1
874,200,50,96,0
695,503,34,100,1
951,200,11,37,0
494,200,33,32,0
1559,503,74,58,1
1855,200,24,92,1
901,500,60,70,1
1700,500,37,47,1
983,503,89,53,1
742,200,30,60,0
1648,200,58,24,1
1510,503,93,38,1
53,500,52,54,1
1319,200,91,71,1
1364,500,10,82,1
262,503,48,81,1
1657,500,94,33,1
411,500,70,92,1
202,200,88,100,1
1398,200,27,34,1
1812,200,73,20,1
1764,200,32,36,1
1998,200,34,59,1
1431,500,10,25,1
168,200,24,62,0
1153,200,63,82,1
1000,503,66,22,1
1735,200,25,57,1
1230,500,52,42,1
1331,200,86,24,1
553,503,94,69,1
74,503,36,99,1
1941,200,76,55,1
884,200,95,70,1
1265,200,95,51,1
969,200,35,79,0
924,500,82,67,1
1397,503,49,100,1
1521,200,21,40,1
155,503,85,79,1
1963,503,30,60,1
1120,500,13,26,1
1808,200,59,74,1
845,200,40,26,0
1147,503,97,86,1
1075,200,68,73,1
1464,200,53,35,1
775,503,59,75,1
1955,500,94,81,1
1646,200,51,70,1
634,500,31,95,1
550,200,19,54,0
1641,503,79,27,1
1884,200,52,38,1
1358,500,78,55,1
865,200,21,30,0
1275,503,78,89,1
510,200,44,92,0
1973,500,33,83,1
1715,500,70,24,1
643,200,92,46,1
539,500,27,50,1
914,500,27,79,1
227,200,78,33,0
1784,200,83,49,1
904,200,90,56,1
1163,500,90,29,1
1592,200,28,52,1
1070,500,85,49,1
1541,500,35,39,1
606,200,40,44,0
1413,503,41,48,1
51,500,34,51,1
1023,200,65,63,1
1974,200,97,65,1
1530,200,91,61,1
1087,200,93,32,1
1374,200,62,72,1
1506,500,32,56,1
687,200,67,91,0
1340,503,47,21,1
1764,200,93,69,1
1103,503,49,61,1
1229,200,40,74,1
598,503,77,29,1
1007,200,69,81,1
725,500,79,33,1
569,200,14,70,0
1930,200,29,23,1
1765,200,100,75,1
100,200,86,99,1
358,503,13,35,1
147,500,43,70,1
329,200,39,71,0
1453,500,99,23,1
1390,200,50,32,1
1851,200,28,82,1
950,500,76,87,1
1465,200,47,93,1
1825,200,86,31,1
1811,200,22,39,1
336,503,92,39,1
1337,500,60,83,1
1284,200,88,94,1
765,200,67,25,0
313,200,17,80,0
150,503,81,48,1
866,200,34,71,0
603,200,11,68,0
105,200,43,50,0
874,200,12,29,0
1277,503,13,37,1
864,200,25,82,0
390,200,68,28,0
1646,500,59,67,1
321,200,22,57,0
1572,200,56,87,1
179,500,45,78,1
1958,500,51,56,1
117,200,97,100,1
999,503,94,94,1
516,200,29,58,0
287,503,51,83,1
262,200,18,83,0
1174,200,26,91,1
1818,200,66,97,1
977,200,87,34,1
1886,500,88,99,1
941,503,17,71,1
1613,200,97,77,1
234,503,72,62,1
1468,200,65,48,1
663,500,60,45,1
564,500,63,23,1
316,500,22,83,1
1732,200,56,61,1
1388,503,90,88,1
392,200,20,41,0
1570,200,56,89,1
1991,500,37,42,1
1166,200,50,100,1
1271,503,86,27,1
526,503,28,74,1
1824,500,24,23,1
1578,500,26,46,1
1936,200,54,51,1
978,503,46,64,1
1400,503,18,30,1
900,200,67,33,0
151,200,31,57,0
647,200,17,23,0
936,200,52,99,0
1875,503,48,31,1
988,200,53,32,0
1500,503,85,52,1
1735,200,97,51,1
1408,503,34,49,1
1974,500,97,73,1
780,200,10,64,0
52,200,72,68,0
1905,200,78,38,1
985,200,21,96,0
275,200,91,98,1
1335,503,56,48,1
1346,200,11,53,1
454,500,65,72,1
1316,200,46,33,1
200,500,99,67,1
1535,200,83,37,1
1793,503,62,74,1
315,200,46,29,0
1257,200,78,82,1
1797,503,76,46,1
915,503,56,46,1
938,200,93,99,1
1783,200,39,45,1
320,503,21,51,1
1756,200,66,73,1
1432,503,54,21,1
461,200,95,79,1
1299,200,34,45,1
715,200,19,98,0
507,500,28,23,1
1196,200,18,77,1
124,200,46,95,0
1398,200,63,66,1
658,500,47,20,1
985,503,20,44,1
1861,500,27,60,1
1762,200,24,65,1
676,200,95,38,1
326,200,94,87,1
258,503,27,77,1
1858,200,58,45,1
1048,500,62,89,1
1966,500,63,27,1
167,200,98,49,1
570,500,30,31,1
1868,200,68,27,1
234,503,98,31,1
1493,200,49,68,1
403,503,33,20,1
1697,500,81,78,1
459,503,89,64,1
1100,200,48,48,1
1558,200,16,99,1
1980,200,17,78,1
247,200,62,33,0
386,200,86,31,1
747,200,74,95,0
1800,200,63,94,1
1229,503,39,87,1
2000,200,86,74,1
1094,500,52,90,1
1625,200,87,92,1
1173,200,81,92,1
1934,200,45,67,1
1462,503,62,23,1
1324,500,80,90,1
1321,200,41,49,1
848,500,38,72,1
534,200,100,45,1
809,200,56,57,0
1035,503,36,50,1
806,500,19,28,1
1297,200,95,66,1
742,500,88,21,1
1307,503,85,88,1
624,200,22,78,0
1265,503,72,27,1
855,200,88,24,1
1621,200,37,43,1
1186,200,22,23,1
997,503,31,30,1
195,200,55,54,0
932,200,28,66,0
557,503,77,53,1
1310,500,99,95,1
663,200,25,89,0
1288,503,36,44,1
88,500,97,21,1
758,200,55,82,0
1695,200,17,36,1
1207,200,96,46,1
1837,200,77,82,1
423,200,75,69,0
272,503,76,28,1
90,200,47,61,0
497,503,53,31,1
258,500,51,76,1
1931,503,67,60,1
229,503,21,100,1
1528,200,92,70,1
1841,503,94,23,1
976,503,45,67,1
1228,500,75,33,1
1124,200,17,74,1
1888,503,15,93,1
1151,503,48,99,1
1493,503,46,76,1
589,200,91,59,1
90,200,75,95,0
1002,200,30,30,1
1025,500,96,77,1
498,500,96,72,1
1770,200,50,35,1
1693,500,18,62,1
1842,200,25,35,1
1880,200,30,37,1
857,500,22,51,1
90,500,45,63,1
1285,200,58,93,1
1251,200,74,31,1
1333,200,39,20,1
776,200,92,28,1
1700,200,30,70,1
1625,500,80,33,1
686,200,84,52,0
1642,200,14,44,1
1434,503,12,54,1
761,200,51,79,0
1904,200,95,60,1
260,200,75,94,0
96,503,92,85,1
173,200,90,50,1
356,200,47,38,0
357,200,24,91,0
1652,503,50,21,1
648,200,77,38,0
773,200,75,48,0
1679,200,55,56,1
858,200,29,34,0
1265,200,92,95,1
1325,200,28,88,1
1883,500,45,97,1
127,503,35,58,1
85,200,32,93,0
149,200,29,26,0
1628,200,66,28,1
1933,500,94,98,1
631,200,26,51,0
477,200,45,29,0
1126,200,96,58,1
877,500,56,75,1
875,200,16,32,0
876,200,50,37,0
724,200,36,69,0
344,200,26,96,0
90,503,61,45,1
1986,200,18,56,1
1416,200,99,68,1
720,200,27,88,0
575,500,48,38,1
356,200,24,47,0
1642,200,67,44,1
289,200,100,100,1
146,200,29,99,0
841,200,59,22,0
1891,200,71,48,1
372,200,24,47,0
559,200,92,48,1
623,200,39,42,0
1008,500,37,65,1
975,503,84,55,1
177,200,16,77,0
346,503,96,25,1
1746,200,65,35,1
1007,200,96,30,1
1797,200,68,45,1
1866,503,62,21,1
1494,200,78,40,1
434,200,34,76,0
399,200,89,82,1
1625,200,27,37,1
955,503,56,29,1
1322,200,100,61,1
983,200,42,24,0
795,500,39,52,1
222,200,15,64,0
529,500,66,36,1
565,200,31,82,0
1079,200,19,58,1
1974,200,47,51,1
1298,500,13,66,1
1995,200,81,70,1
490,200,17,76,0
847,503,48,88,1
922,503,73,53,1
995,200,40,69,0
1382,200,87,42,1
1296,500,16,46,1
355,200,94,67,1
1423,200,53,75,1
1057,200,99,100,1
87,503,98,78,1
555,200,15,83,0
1886,503,13,80,1
1290,500,84,40,1
408,200,68,66,0
346,500,100,99,1
70,200,100,59,1
963,500,55,93,1
1972,503,60,65,1
91,200,60,71,0
1089,200,92,94,1
509,500,100,49,1
1682,500,19,78,1
890,500,95,28,1
2000,500,35,81,1
1411,200,88,37,1
702,503,58,25,1
867,503,67,24,1
1353,200,90,97,1
1206,500,82,21,1
134,200,16,76,0
511,200,79,26,0
675,200,19,25,0
1398,200,29,22,1
1830,503,12,94,1
1527,500,83,47,1
1715,500,88,41,1
73,200,29,59,0
282,200,57,31,0
1414,500,96,44,1
457,200,30,92,0
1765,503,86,76,1
1929,200,38,59,1
1147,200,46,91,1
401,200,92,26,1
1445,503,92,82,1
1031,503,29,53,1
85,500,61,83,1
1121,200,21,35,1
587,200,42,68,0
442,200,23,88,0
1900,200,57,69,1
765,200,88,27,1
335,200,31,73,0
909,200,87,33,1
800,503,15,53,1
1448,200,12,57,1
1266,200,34,75,1
1045,500,74,44,1
1271,200,53,93,1
824,200,71,71,0
105,500,94,51,1
792,500,20,99,1
1236,503,87,31,1
124,200,24,93,0
1038,200,96,99,1
1278,503,88,74,1
1260,503,74,36,1
425,503,15,35,1
603,503,64,59,1
299,200,38,58,0
167,200,58,54,0
202,200,66,78,0
872,200,18,33,0
961,503,77,20,1
1277,503,29,76,1
849,503,82,77,1
1729,200,13,59,1
1131,500,62,100,1
812,500,86,85,1
1045,200,80,74,1
1910,503,65,30,1
62,503,38,74,1
1542,200,100,57,1
1473,503,15,43,1
449,200,43,24,0
273,200,24,82,0
328,200,19,42,0
1120,200,48,52,1
1361,200,34,32,1
953,500,72,27,1
1983,200,82,68,1
1637,200,25,92,1
415,503,64,90,1
1098,200,76,64,1
961,503,19,34,1
1112,503,22,50,1
1596,200,49,76,1
75,200,45,40,0
908,200,36,35,0
990,500,29,27,1
1145,200,48,32,1
1112,200,97,40,1
56,200,62,93,0
1949,200,17,40,1
950,200,90,32,1
165,200,98,95,1
1374,200,66,30,1
1844,200,49,94,1
1912,500,10,79,1
1666,200,57,73,1
605,503,60,25,1
1002,200,48,67,1
744,500,65,33,1
611,200,11,95,0
637,500,23,94,1
494,503,68,39,1
305,200,50,52,0
1473,200,77,57,1
407,500,62,89,1
51,200,68,80,0
1914,500,78,78,1
382,200,11,68,0
151,200,48,28,0
1497,200,48,70,1
189,200,69,84,0
1829,200,38,81,1
1610,503,83,98,1
1159,200,35,26,1
337,200,18,81,0
1648,200,82,88,1
1955,200,73,36,1
667,503,68,82,1
104,200,89,68,1
1015,503,56,35,1
1392,200,84,71,1
277,200,43,98,0
1637,500,35,20,1
1339,500,86,60,1
1948,200,45,97,1
637,200,61,28,0
278,503,66,75,1
1314,200,72,39,1
1121,200,25,51,1
306,500,88,80,1
408,200,72,31,0
482,200,53,53,0
1437,503,35,65,1
1593,503,78,79,1
674,200,45,65,0
71,503,22,84,1
1974,500,18,62,1
1258,503,36,87,1
1729,200,12,33,1
1028,503,99,73,1
1482,200,24,74,1
1091,500,66,94,1
341,503,40,54,1
1408,500,72,24,1
1818,500,33,66,1
554,200,37,61,0
1882,200,61,53,1
901,200,92,56,1
1397,200,72,24,1
1807,200,33,76,1
1069,500,22,96,1
1322,200,48,57,1
1904,500,16,72,1
181,200,51,25,0
1950,200,38,24,1
1088,200,75,74,1
1744,500,55,20,1
1088,200,17,79,1
581,500,77,45,1
53,200,74,27,0
395,503,62,23,1
288,200,94,86,1
1406,503,44,79,1
1587,503,37,72,1
294,200,55,87,0
983,200,53,50,0
1539,200,13,86,1
1062,200,48,61,1
1054,500,39,61,1
68,200,61,91,0
1860,200,45,80,1
1634,500,74,66,1
428,200,35,39,0
404,200,97,27,1
268,503,80,39,1
1625,200,45,23,1
984,500,82,93,1
985,503,52,42,1
1291,503,41,41,1
578,503,65,47,1
948,200,23,78,0
1654,503,25,79,1
654,200,86,100,1
989,200,43,40,0
961,200,47,68,0
228,200,33,62,0
1300,200,98,53,1
937,200,31,32,0
1618,200,84,29,1
1485,500,44,49,1
1989,200,30,67,1
1975,500,38,51,1
810,200,40,44,0
543,503,61,32,1
322,503,67,29,1
351,200,63,24,0
504,500,43,30,1
540,200,99,62,1
1589,500,48,29,1
412,200,97,95,1
207,200,14,51,0
156,503,56,100,1
1058,200,35,24,1
1028,200,42,25,1
352,200,94,50,1
611,503,25,72,1
1283,200,72,33,1
1704,503,56,55,1
1243,500,93,22,1
747,500,44,55,1
1668,200,40,36,1
744,200,10,66,0
1446,200,81,36,1
1874,200,42,49,1
151,200,45,50,0
1293,200,11,92,1
498,500,64,61,1
450,200,69,36,0
574,200,31,20,0
291,500,58,57,1
654,200,83,78,0
479,200,75,99,0
237,500,15,85,1
578,200,14,53,0
1223,200,15,80,1
1423,200,44,36,1
1201,500,38,60,1
1258,200,57,61,1
1750,503,64,79,1
605,200,59,68,0
1620,200,85,94,1
1007,200,99,64,1
1257,503,36,87,1
1159,500,20,39,1
164,200,94,27,1
1347,200,38,65,1
207,503,22,53,1
533,200,29,83,0
373,503,82,73,1
135,500,64,47,1
1031,200,93,27,1
337,503,60,79,1
1347,500,97,62,1
225,200,17,87,0
1642,200,66,35,1
1479,503,35,29,1
438,200,94,47,1
478,200,94,62,1
169,500,46,81,1
169,200,34,64,0
167,200,17,30,0
1389,200,21,43,1
1108,503,20,94,1
808,500,72,29,1
342,503,61,52,1
1993,200,57,45,1
1508,500,43,60,1
1802,200,86,75,1
746,500,61,73,1
312,200,74,96,0
635,200,26,40,0
739,200,82,78,0
1484,500,39,85,1
349,200,51,81,0
354,500,54,30,1
451,200,54,31,0
984,200,84,99,0
418,200,100,75,1
136,503,86,27,1
757,500,36,96,1
601,200,99,90,1
972,503,56,65,1
806,200,17,75,0
1624,200,31,75,1
346,200,36,82,0
857,200,45,45,0
239,200,100,36,1
1308,200,75,81,1
1151,503,74,65,1
544,200,44,69,0
293,200,75,98,0
1633,500,48,23,1
1539,503,92,49,1
1360,503,43,25,1
933,200,41,49,0
1442,200,21,30,1
114,200,11,63,0
1082,500,49,91,1
231,200,33,94,0
1724,200,52,49,1
209,500,79,75,1
282,200,77,40,0
1626,200,28,50,1
718,200,51,42,0
1397,500,24,55,1
1034,500,17,70,1
1959,200,46,100,1
1358,503,73,73,1
1593,200,36,83,1
715,500,60,99,1
1150,200,39,76,1
1202,503,16,68,1
452,200,100,80,1
1762,200,48,61,1
1801,503,37,51,1
817,200,77,60,0
74,200,17,77,0
1716,503,62,56,1
1516,503,68,98,1
1511,200,50,74,1
1484,200,36,33,1
285,200,14,43,0
1786,200,60,63,1
1677,500,86,23,1
847,200,88,63,1
963,200,21,20,0
477,200,97,52,1
619,503,84,80,1
1311,200,76,56,1
1511,200,21,52,1
1241,200,18,26,1
473,503,27,25,1
1088,200,15,69,1
844,200,95,93,1
1798,200,50,94,1
842,500,85,30,1
304,500,11,46,1
1367,200,75,38,1
1135,200,31,40,1
1183,200,56,33,1
611,200,42,88,0
1730,200,66,98,1
82,200,24,71,0
362,500,27,57,1
1303,200,16,60,1
1829,503,89,76,1
1726,200,29,96,1
166,503,24,57,1
1153,503,57,59,1
1905,500,53,22,1
454,200,12,42,0
491,503,13,85,1
1767,500,62,76,1
1015,500,87,66,1
1052,200,93,43,1
1593,200,90,55,1
473,200,57,23,0
1825,200,99,40,1
824,200,94,91,1
1978,500,26,70,1
204,200,25,69,0
1096,200,91,88,1
185,500,73,57,1
1243,500,23,36,1
1163,200,18,90,1
1457,200,40,64,1
773,200,93,43,1
1065,503,21,39,1
1286,200,22,90,1
1507,200,78,25,1
721,200,92,41,1
567,200,58,82,0
1026,200,22,40,1
1348,200,83,64,1
1742,503,62,25,1
514,200,56,40,0
62,200,19,59,0
1007,200,17,58,1
1424,200,47,36,1
1862,500,18,46,1
1362,503,59,57,1
782,200,91,36,1
1787,200,66,72,1
103,500,33,56,1
1575,503,70,32,1
1706,200,47,97,1
1121,503,11,70,1
1992,200,57,66,1
1883,200,21,71,1
1653,500,73,28,1
68,200,26,74,0
1219,200,69,92,1
1262,500,11,43,1
1371,503,96,89,1
405,200,69,73,0
1476,200,20,90,1
793,200,35,20,0
1822,500,40,31,1
93,200,15,36,0
590,200,40,78,0
1877,503,39,67,1
1871,200,81,73,1
658,200,55,55,0
258,200,42,92,0
639,500,96,37,1
1172,200,99,21,1
701,200,17,20,0
1617,503,96,28,1
375,500,86,87,1
1431,500,45,53,1
1419,503,12,31,1
1325,500,39,48,1
1684,500,24,46,1
80,200,92,33,1
1025,500,91,38,1
420,200,33,95,0
1618,200,25,53,1
126,503,73,30,1
1743,500,36,85,1
1452,200,93,66,1
218,200,24,84,0
1726,200,29,78,1
1639,200,37,58,1
1604,500,27,75,1
883,200,80,28,0
595,200,35,48,0
777,500,15,73,1
393,503,83,81,1
360,200,18,75,0
1872,200,39,55,1
607,500,61,76,1
1929,200,23,91,1
1142,503,90,81,1
958,500,49,22,1
904,200,55,90,0
274,200,58,94,0
818,200,22,49,0
718,500,54,94,1
591,200,12,23,0
1526,200,21,24,1
1073,200,43,70,1
1764,200,85,41,1
917,503,71,60,1
819,503,25,90,1
1978,200,39,41,1
351,200,95,35,1
482,500,13,40,1
766,200,42,83,0
282,503,72,68,1
551,200,44,54,0
1803,503,69,98,1
1974,200,49,62,1
1849,200,82,31,1
1473,200,26,79,1
1981,503,35,29,1
413,200,22,52,0
1881,503,82,58,1
1370,200,74,94,1
1214,503,24,78,1
348,503,18,54,1
1549,500,41,40,1
1824,500,29,21,1
1938,503,84,62,1
350,200,92,96,1
1959,503,63,50,1
1801,200,20,47,1
84,200,29,72,0
170,200,61,29,0
1307,200,13,81,1
673,200,85,55,0
681,200,41,47,0
474,500,85,71,1
1868,200,98,27,1
1257,200,84,33,1
1994,200,64,77,1
624,500,32,83,1
210,200,69,38,0
1896,200,99,20,1
118,200,11,84,0
1093,503,73,54,1
1867,503,41,76,1
300,200,17,51,0
1662,200,55,63,1
304,500,81,33,1
1308,503,51,29,1
808,500,41,69,1
999,200,36,94,0
1262,500,40,34,1
1925,200,45,52,1
1092,503,20,67,1
1406,200,19,92,1
1776,200,32,43,1
327,500,52,62,1
223,200,82,72,0
1929,200,61,83,1
1847,200,40,66,1
575,200,80,48,0
1501,503,25,78,1
326,503,43,23,1
936,200,40,96,0
974,200,75,21,0
1427,200,44,33,1
1411,500,74,85,1
812,500,10,35,1
1848,503,94,76,1
1341,200,43,84,1
1182,500,48,52,1
1961,200,29,44,1
277,200,50,80,0
1394,200,35,41,1
1561,200,58,51,1
1244,200,67,78,1
1182,200,67,77,1
80,500,53,78,1
1369,200,98,77,1
1196,200,95,25,1
1114,200,22,45,1
1698,200,98,63,1
629,500,51,100,1
373,503,20,96,1
556,500,87,26,1
1560,503,28,73,1
1989,200,86,78,1
1689,200,96,44,1
98,200,99,88,1
1887,200,92,71,1
1928,503,88,89,1
1984,200,64,89,1
1321,503,34,25,1
863,200,74,24,0
1010,503,23,73,1
346,200,62,80,0
1470,503,43,50,1
1867,503,51,52,1
1065,200,54,77,1
1898,503,70,33,1
452,200,42,67,0
683,500,57,94,1
1111,200,52,52,1
422,500,17,85,1
1691,200,16,28,1
653,503,58,23,1
569,200,51,47,0
1844,200,52,37,1
152,200,98,21,1
250,200,24,28,0
642,200,24,57,0
671,200,50,27,0
299,200,24,50,0
858,500,13,64,1
1525,200,44,31,1
1537,503,67,63,1
1524,200,14,49,1
286,500,64,39,1
858,200,72,27,0
1822,200,74,93,1
897,200,60,69,0
250,200,33,43,0
951,500,37,27,1
1347,200,12,86,1
1616,503,94,87,1
875,503,51,48,1
1747,200,39,94,1
1125,200,35,88,1
1849,200,29,30,1
1396,500,13,42,1
1362,503,52,68,1
96,500,87,66,1
208,200,67,34,0
518,503,45,93,1
1950,200,25,59,1
1854,500,65,92,1
821,503,11,50,1
894,500,52,48,1
713,200,62,75,0
1719,503,85,99,1
1589,200,85,23,1
795,200,41,75,0
1946,503,22,65,1
1914,500,60,85,1
295,200,28,57,0
1214,500,22,77,1
1292,503,71,52,1
956,200,96,62,1
1855,200,25,81,1
343,503,38,24,1
1833,503,79,46,1
1145,200,41,81,1
254,200,94,67,1
1417,200,46,96,1
535,503,80,66,1
921,200,87,25,1
174,200,83,85,0
1185,200,47,89,1
1273,503,47,44,1
1364,200,71,98,1
965,200,70,37,0
903,500,70,49,1
67,500,66,44,1
386,503,70,38,1
1909,503,23,72,1
1400,503,64,35,1
63,200,76,96,0
332,200,76,77,0
957,200,14,57,0
83,500,28,92,1
1961,503,94,38,1
1878,200,81,37,1
99,200,86,94,1
1289,200,68,40,1
312,500,91,22,1
1908,200,21,46,1
1208,500,29,27,1
1382,503,97,42,1
1374,503,74,29,1
650,200,37,41,0
336,500,16,36,1
926,200,79,79,0
1847,200,61,53,1
1044,200,96,21,1
1731,200,42,95,1
794,503,90,73,1
1957,500,20,42,1
854,200,96,27,1
920,500,42,86,1
817,500,15,89,1
1653,200,11,98,1
424,200,16,65,0
472,503,67,34,1
232,200,48,91,0
1069,500,56,79,1
1331,500,98,26,1
1832,200,61,97,1
711,500,70,33,1
1502,200,51,69,1
54,200,86,80,1
1169,500,56,22,1
913,200,94,90,1
1256,200,73,99,1
782,200,72,88,0
1095,200,87,38,1
1571,200,53,77,1
1926,200,80,39,1
417,200,22,22,0
1614,503,56,89,1
777,503,80,81,1
1061,200,50,69,1
1193,503,70,95,1
1060,500,50,47,1
1875,503,68,53,1
976,200,77,32,0
1855,200,78,49,1
1968,200,84,29,1
1022,200,67,72,1
1166,200,16,66,1
1201,503,27,74,1
1656,200,89,54,1
576,200,83,66,0
1836,503,83,26,1
308,200,56,70,0
1187,200,39,41,1
1443,200,86,49,1
1425,503,100,63,1
945,500,32,77,1
1489,200,75,34,1
1656,200,91,91,1
1225,200,81,87,1
80,503,21,30,1
629,200,35,83,0
172,500,12,98,1
1531,200,26,63,1
1248,200,10,65,1
953,503,67,37,1
1545,503,66,74,1
1647,503,85,23,1
1550,200,80,80,1
716,200,10,34,0
374,500,38,21,1
734,500,21,40,1
692,200,43,68,0
1246,200,18,26,1
1252,200,77,26,1
67,503,83,74,1
1829,200,30,76,1
1866,200,16,83,1
954,200,32,76,0
1445,500,45,42,1
1526,503,78,52,1
1530,200,66,55,1
1085,200,42,84,1
54,200,24,82,0
1128,200,53,81,1
308,503,62,49,1
1567,200,53,80,1
157,200,99,44,1
68,200,61,54,0
962,200,35,93,0
936,500,96,47,1
148,503,11,33,1
1658,200,15,71,1
1486,200,85,43,1
1763,500,14,82,1
1430,200,61,50,1
433,200,98,96,1
935,200,54,67,0
739,503,56,61,1
1036,200,45,61,1
440,200,92,77,1
312,503,82,79,1
820,200,86,25,1
66,200,14,20,0
1161,200,92,69,1
259,200,43,44,0
364,200,41,21,0
1379,200,12,28,1
1205,503,96,87,1
1831,200,99,40,1
1754,200,97,71,1
987,200,34,47,0
1423,503,56,46,1
1023,200,57,86,1
1080,500,60,22,1
76,200,14,66,0
1853,200,83,90,1
1202,500,99,61,1
113,200,71,78,0
696,503,20,36,1
850,200,12,21,0
798,200,37,95,0
864,200,57,98,0
1168,200,34,79,1
367,500,17,76,1
1864,503,71,92,1
740,503,57,45,1
1955,503,22,50,1
1546,200,42,69,1
447,200,65,100,0
811,500,70,52,1
1736,200,39,59,1
1900,500,56,91,1
1143,200,39,98,1
151,200,76,95,0
1040,200,88,85,1
1601,200,51,22,1
659,200,81,76,0
1978,200,99,51,1
200,200,63,73,0
1619,200,65,43,1
278,200,47,96,0
931,200,93,41,1
1132,503,92,86,1
1534,200,79,42,1
1182,500,77,41,1
1504,200,96,98,1
690,200,67,96,0
272,200,24,24,0
1139,500,22,76,1
904,200,40,81,0
1407,503,13,36,1
1624,500,91,49,1
713,503,22,28,1
1956,200,69,66,1
702,200,87,70,1
1713,200,41,68,1
852,500,21,44,1
532,200,63,52,0
713,503,20,55,1
1715,503,28,62,1
300,200,44,34,0
428,500,60,92,1
1915,200,85,56,1
533,200,65,69,0
916,200,53,80,0
143,200,89,98,1
994,200,17,28,0
1984,200,45,91,1
707,200,36,71,0
557,500,52,94,1
146,200,88,84,1
1690,200,46,44,1
1085,200,82,37,1
1776,200,38,90,1
1118,500,35,57,1
1270,503,36,89,1
192,500,39,72,1
1348,503,31,33,1
1728,200,56,20,1
675,503,100,41,1
957,503,69,40,1
1076,200,91,99,1
1626,200,26,89,1
815,500,56,60,1
1009,500,69,29,1
804,500,63,63,1
770,503,43,22,1
1967,200,16,96,1
838,200,74,89,0
912,200,95,37,1
793,503,28,65,1
1176,503,84,68,1
1118,200,98,35,1
318,503,16,71,1
672,503,50,38,1
121,503,97,44,1
785,500,47,92,1
79,200,38,94,0
878,503,100,45,1
140,503,29,65,1
1056,200,63,31,1
1225,200,63,29,1
1241,200,76,45,1
473,500,45,52,1
434,500,42,43,1
577,500,64,46,1
541,503,18,57,1
1695,200,56,99,1
775,200,22,91,0
1874,500,79,41,1
519,200,29,73,0
1374,500,68,51,1
600,503,25,88,1
1235,503,71,70,1
256,200,50,99,0
119,503,61,61,1
1949,500,91,86,1
1687,500,37,31,1
1787,500,84,35,1
478,200,43,82,0
102,200,88,28,1
1211,503,43,47,1
1991,200,11,70,1
1332,200,81,71,1
719,503,72,95,1
1118,503,60,57,1
498,200,72,82,0
1479,200,94,75,1
523,503,84,42,1
1732,200,33,60,1
1565,200,69,64,1
1238,200,94,80,1
1769,500,51,97,1
990,200,79,54,0
1127,200,56,68,1
612,200,76,95,0
927,500,23,20,1
844,200,36,22,0
219,500,42,25,1
854,503,95,60,1
709,200,37,20,0
1769,200,46,38,1
906,503,28,69,1
1159,200,26,35,1
513,503,78,64,1
353,200,18,39,0
1744,200,41,82,1
97,200,39,22,0
759,200,83,21,0
1891,503,49,22,1
1205,200,61,48,1
1800,503,97,30,1
240,500,68,70,1
492,200,50,98,0
351,200,35,61,0
680,200,52,91,0
1499,200,83,46,1
375,500,44,55,1
1484,500,41,68,1
1876,200,11,43,1
240,200,32,47,0
763,500,42,76,1
1880,503,90,48,1
1177,200,30,91,1
179,200,22,32,0
1779,200,39,39,1
710,200,24,44,0
1518,200,50,31,1
94,200,58,56,0
1133,500,57,96,1
686,503,34,98,1
1158,200,20,21,1
1175,200,82,95,1
1634,200,99,46,1
785,503,26,35,1
1791,200,29,32,1
1477,200,73,35,1
52,500,81,35,1
1964,500,95,79,1
211,200,89,22,1
1258,200,33,84,1
963,500,62,44,1
64,503,91,26,1
1711,200,46,35,1
662,200,89,58,1
1656,503,91,58,1
1509,200,58,67,1
1285,200,92,23,1
132,500,44,39,1
332,200,24,63,0
814,200,46,48,0
1556,500,82,86,1
1094,200,85,54,1
1963,200,90,55,1
1808,200,33,49,1
1168,503,58,51,1
414,200,30,28,0
1863,500,96,94,1
1533,200,89,78,1
883,500,89,72,1
398,500,60,45,1
198,200,90,35,1
363,200,32,79,0
1528,503,40,24,1
1856,200,29,84,1
1495,503,64,33,1
1391,503,93,99,1
548,200,31,29,0
635,500,52,80,1
1658,500,82,25,1
181,200,83,83,0
224,200,35,28,0
343,503,19,89,1
1748,500,36,57,1
1679,200,27,73,1
1281,200,26,62,1
1530,200,68,56,1
1442,200,16,32,1
1464,500,34,28,1
399,200,11,51,0
1826,200,27,44,1
1692,500,39,23,1
64,200,61,77,0
218,503,36,85,1
1775,200,79,51,1
250,200,90,84,1
1168,200,69,43,1
730,200,40,94,0
1196,500,46,98,1
1330,200,37,68,1
124,200,42,40,0
1206,500,38,91,1
1460,200,63,55,1
796,500,14,84,1
395,200,58,49,0
1828,200,91,88,1
1942,200,90,82,1
1411,200,45,82,1
210,200,16,44,0
1973,500,99,59,1
691,200,23,36,0
1780,500,41,54,1
342,200,21,42,0
504,200,18,100,0
1220,200,91,33,1
1683,503,13,90,1
1545,200,70,83,1
1834,503,33,36,1
1278,200,79,21,1
1473,503,72,55,1
1029,500,64,97,1
529,200,91,90,1
1231,200,77,95,1
1324,503,69,29,1
1874,200,98,96,1
1291,200,38,59,1
340,200,72,62,0
269,503,84,50,1
753,503,28,57,1
515,200,97,48,1
1121,200,75,28,1
337,200,68,40,0
1908,200,29,57,1
916,503,52,29,1
902,503,44,77,1
726,500,37,58,1
572,500,36,76,1
1743,200,10,61,1
1246,200,26,30,1
1736,200,83,83,1
1060,503,93,24,1
476,200,43,76,0
1273,500,49,39,1
657,500,28,43,1
1472,200,50,94,1
1093,200,93,66,1
1507,503,44,27,1
650,200,97,75,1
1924,503,21,39,1
386,503,72,53,1
1170,200,80,37,1
1393,500,57,57,1
1796,200,10,38,1
656,200,45,59,0
1017,500,92,79,1
454,200,89,26,1
1702,200,68,64,1
1684,500,56,83,1
1423,200,98,77,1
961,500,72,25,1
1359,200,30,77,1
718,200,82,60,0
1162,200,76,78,1
1330,200,50,60,1
850,200,64,22,0
264,503,39,52,1
1692,200,35,81,1
976,200,69,45,0
454,200,25,71,0
1156,500,41,35,1
1683,200,25,39,1
1574,500,57,92,1
1548,500,61,92,1
1572,503,13,46,1
1140,500,60,75,1
1671,200,72,51,1
1535,200,21,95,1
1344,200,97,50,1
406,200,14,34,0
1798,200,18,47,1
509,200,26,92,0
962,503,58,39,1
1180,503,71,59,1
1542,500,16,79,1
964,200,63,25,0
611,200,58,48,0
933,200,62,49,0
914,200,84,42,0
1607,200,43,45,1
781,500,47,70,1
1051,200,72,45,1
509,500,20,93,1
1218,200,80,25,1
965,200,66,99,0
1668,200,87,45,1
1492,500,21,63,1
1403,200,93,79,1
1280,503,57,41,1
207,200,25,52,0
1651,503,35,54,1
788,200,37,53,0
1874,200,48,56,1
1170,200,52,37,1
1892,200,61,32,1
69,503,97,25,1
1775,200,65,95,1
1602,200,95,22,1
1074,200,55,23,1
1314,200,66,79,1
1887,503,85,44,1
197,503,54,31,1
193,500,50,78,1
1537,500,76,95,1
261,503,86,46,1
1816,200,37,20,1
1596,503,29,30,1
691,200,33,62,0
188,200,33,80,0
944,200,63,31,0
1878,503,60,77,1
459,503,84,93,1
1387,500,93,71,1
1116,503,48,67,1
863,503,65,67,1
286,500,82,80,1
452,200,51,27,0
151,503,24,63,1
1877,200,75,39,1
242,200,32,63,0
954,503,10,59,1
1768,200,28,21,1
1907,503,78,76,1
532,500,91,29,1
104,200,10,25,0
729,500,62,96,1
906,200,16,39,0
1437,200,22,52,1
1007,200,71,79,1
1591,200,22,63,1
1941,200,87,52,1
433,503,65,59,1
1903,200,87,52,1
542,200,84,43,0
1688,503,12,38,1
1049,200,79,97,1
495,200,95,91,1
1724,200,25,87,1
1047,200,66,27,1
1167,200,18,32,1
136,200,97,71,1
298,500,51,70,1
1609,200,29,42,1
1446,503,52,66,1
351,200,49,98,0
1489,200,31,77,1
548,503,91,27,1
410,500,10,73,1
1898,200,38,75,1
405,200,91,89,1
867,200,14,37,0
1236,200,66,46,1
243,200,99,46,1
1418,200,16,67,1
1858,200,54,27,1
1730,200,83,83,1
561,200,40,21,0
223,200,62,41,0
688,503,14,27,1
995,200,73,24,0
1065,500,100,30,1
1549,200,64,62,1
985,200,100,30,1
569,200,96,47,1
449,200,79,51,0
1162,200,31,63,1
115,200,37,100,0
370,200,36,80,0
1978,500,43,89,1
926,200,97,47,1
875,200,97,32,1
727,503,59,84,1
365,500,18,94,1
681,503,36,49,1
1606,200,56,73,1
347,503,57,78,1
535,200,32,98,0
1667,200,55,93,1
1705,200,16,51,1
673,200,34,85,0
977,503,35,21,1
1029,503,72,39,1
1610,200,43,86,1
1054,503,100,47,1
921,503,100,96,1
460,200,57,86,0
55,500,19,98,1
1683,200,57,72,1
460,503,80,32,1
315,200,89,55,1
884,200,21,29,0
1108,200,43,97,1
507,500,86,90,1
637,200,72,77,0
343,200,71,51,0
509,200,67,91,0
699,503,19,36,1
1397,200,82,76,1
1091,503,26,55,1
932,200,65,21,0
729,200,47,34,0
1300,200,61,78,1
718,500,86,59,1
768,503,57,69,1
1597,500,26,89,1
335,200,92,55,1
1052,503,64,50,1
858,503,98,29,1
1274,500,40,84,1
1028,503,12,79,1
1545,200,39,28,1
1916,200,72,80,1
1485,200,22,95,1
1905,500,50,84,1
1772,500,45,58,1
1557,503,50,24,1
317,200,91,64,1
297,200,57,55,0
899,200,26,78,0
1262,200,99,98,1
1965,200,14,31,1
543,503,21,44,1
1450,200,23,30,1
94,200,60,67,0
1838,503,68,43,1
652,503,38,66,1
1931,500,19,33,1
895,200,43,34,0
432,200,70,58,0
604,500,29,80,1
1134,200,14,66,1
1280,500,13,99,1
1333,200,70,38,1
1529,503,37,84,1
593,200,44,73,0
1310,503,41,25,1
1564,200,83,73,1
1781,500,91,91,1
515,500,40,80,1
449,200,12,26,0
1797,200,74,86,1
1496,200,99,54,1
965,200,24,66,0
1660,200,25,94,1
1742,500,78,60,1
917,503,78,62,1
216,200,78,30,0
1339,200,60,93,1
1876,503,99,47,1
1839,200,93,73,1
771,503,46,48,1
760,200,82,29,0
1194,200,79,72,1
1486,200,84,28,1
661,503,64,66,1
1374,500,83,45,1
1592,200,63,98,1
182,200,11,76,0
886,200,13,31,0
918,200,34,49,0
1113,500,15,93,1
1950,500,28,73,1
658,200,97,29,1
1069,200,58,37,1
313,200,28,25,0
1342,200,29,32,1
1728,200,92,84,1
1930,200,64,64,1
1732,200,43,81,1
1027,500,23,92,1
317,200,71,55,0
1033,200,46,63,1
1461,200,55,65,1
71,503,75,58,1
450,200,96,84,1
1881,200,90,81,1
1444,503,87,85,1
1909,200,32,94,1
746,200,75,95,0
1577,503,11,21,1
1903,200,51,95,1
585,500,31,52,1
82,500,82,81,1
581,200,91,65,1
1975,500,22,25,1
1462,503,60,51,1
1407,503,33,52,1
896,200,59,100,0
1487,200,77,42,1
1197,200,73,92,1
939,200,20,47,0
1529,503,86,37,1
1560,200,70,54,1
232,200,81,52,0
1098,503,28,90,1
678,200,78,42,0
283,200,15,24,0
1549,200,54,24,1
269,200,50,96,0
141,503,16,87,1
447,503,89,97,1
848,200,19,32,0
1728,503,39,90,1
1869,200,53,71,1
1121,200,23,22,1
418,500,100,76,1
1914,200,64,44,1
1175,503,47,33,1
1541,503,16,24,1
1513,500,86,62,1
1673,200,43,92,1
530,200,21,65,0
281,200,12,21,0
299,200,97,35,1
1414,500,49,38,1
1327,200,16,46,1
1213,200,30,98,1
1704,200,25,24,1
576,200,78,90,0
592,200,46,66,0
1119,200,77,58,1
369,503,23,75,1
779,200,93,52,1
960,500,29,41,1
1127,200,25,42,1
965,200,62,21,0
1162,200,21,29,1
1841,200,39,65,1
131,503,39,51,1
146,503,70,71,1
1912,500,16,95,1
747,500,17,35,1
874,200,65,51,0
992,200,39,80,0
1129,200,83,32,1
697,503,65,27,1
109,500,71,55,1
286,500,16,100,1
313,503,45,51,1
1007,200,46,54,1
62,500,43,49,1
547,503,38,66,1
1713,503,76,60,1
389,200,68,46,0
799,200,62,41,0
726,200,51,47,0
926,200,97,92,1
487,503,54,37,1
775,500,59,50,1
1329,200,67,64,1
1096,500,66,71,1
1874,200,59,75,1
375,500,28,91,1
1412,500,59,28,1
1109,200,50,79,1
286,200,78,63,0
424,503,65,46,1
136,200,68,56,0
1536,200,14,62,1
369,500,44,89,1
1780,200,44,44,1
604,500,46,26,1
514,500,85,60,1
1252,200,42,87,1
1355,500,39,34,1
353,200,22,21,0
730,200,34,50,0
1824,200,96,97,1
1931,503,31,81,1
1524,200,27,59,1
1705,200,37,78,1
1669,200,70,69,1
60,503,48,27,1
426,503,22,32,1
269,200,11,70,0
1509,200,88,60,1
400,200,95,22,1
1721,503,23,43,1
1326,200,45,43,1
1829,503,34,39,1
1095,200,69,41,1
1155,200,87,49,1
879,200,39,87,0
1554,200,81,55,1
1205,200,86,73,1
1650,503,85,37,1
372,200,49,54,0
702,200,13,21,0
1689,200,99,21,1
483,200,84,59,0
1226,200,82,50,1
1409,200,37,97,1
898,200,31,83,0
165,500,73,59,1
540,503,66,75,1
424,500,44,26,1
946,200,51,80,0
1165,200,19,61,1
1024,500,79,26,1
423,200,77,91,0
1725,200,78,86,1
1103,200,71,94,1
1775,200,33,87,1
180,503,29,55,1
248,200,62,55,0
1028,200,42,46,1
162,200,23,100,0
1242,200,47,27,1
784,500,19,66,1
1384,200,47,97,1
1500,503,65,71,1
1332,503,47,24,1
183,200,56,45,0
1468,503,30,74,1
698,200,59,23,0
774,503,73,100,1
1432,200,71,55,1
300,500,90,47,1
210,200,82,42,0
831,503,41,29,1
1265,500,29,53,1
1111,200,95,47,1
1472,500,60,36,1
75,500,52,40,1
464,500,21,91,1
1124,200,70,25,1
511,200,98,85,1
1867,200,39,90,1
931,200,98,77,1
304,500,68,70,1
592,200,32,55,0
1128,200,13,77,1
193,200,88,96,1
992,200,97,32,1
543,500,33,30,1
728,200,24,100,0
923,200,46,63,0
960,503,98,41,1
1381,503,68,29,1
1700,500,72,95,1
1898,200,76,84,1
573,200,34,24,0
1684,500,49,88,1
674,200,87,45,1
498,200,11,30,0
1816,200,31,31,1
768,200,56,59,0
490,200,32,93,0
1313,503,91,55,1
1048,503,21,77,1
1548,503,83,36,1
1317,500,16,65,1
1780,500,78,95,1
1054,200,74,21,1
633,503,12,25,1
655,500,76,60,1
1487,503,11,29,1
530,200,90,41,1
206,200,14,81,0
166,500,85,49,1
1592,200,35,100,1
1478,500,11,85,1
735,503,96,45,1
1051,200,100,72,1
1106,200,79,85,1
1177,200,32,66,1
242,200,97,66,1
1762,200,13,80,1
457,200,87,67,1
1442,200,98,80,1
1640,200,94,86,1
1259,200,69,37,1
1484,200,94,33,1
561,500,95,20,1
1116,200,51,46,1
664,500,64,43,1
1195,200,55,24,1
548,503,70,73,1
1643,200,87,54,1
1877,200,15,59,1
1328,200,35,81,1
1253,200,85,57,1
1795,503,88,48,1
158,500,26,51,1
130,500,58,83,1
1764,200,70,45,1
1721,503,81,44,1
784,200,19,84,0
756,500,62,87,1
1107,500,33,96,1
1150,200,34,60,1
1261,200,59,36,1
1355,503,40,79,1
996,200,97,93,1
802,200,29,79,0
983,500,50,88,1
1456,200,82,35,1
1668,200,47,36,1
57,200,11,80,0
1715,503,69,66,1
444,503,95,64,1
166,503,32,87,1
1482,200,10,86,1
184,503,82,56,1
93,200,48,82,0
1589,200,45,93,1
970,200,50,70,0
775,200,28,23,0
617,200,79,59,0
1991,500,41,88,1
1791,200,43,100,1
306,503,64,95,1
1876,500,25,50,1
508,503,31,32,1
1145,500,89,32,1
1393,200,59,27,1
1643,500,91,78,1
1839,200,36,40,1
1014,503,16,60,1
1293,500,73,82,1
1674,200,66,72,1
1165,500,69,61,1
1396,200,45,47,1
1226,200,53,79,1
1657,200,12,24,1
1195,503,85,58,1
1416,503,81,47,1
1276,500,44,38,1
1691,503,62,29,1
1359,200,26,99,1
1043,200,48,81,1
734,200,85,85,0
224,200,66,72,0
211,200,50,27,0
1629,503,67,74,1
701,200,40,54,0
474,200,79,21,0
1618,500,23,70,1
261,200,41,24,0
1866,200,24,34,1
242,200,59,57,0
447,200,63,67,0
907,200,85,57,0
1083,200,79,25,1
1901,200,43,73,1
994,200,70,29,0
539,500,36,66,1
733,500,57,29,1
1899,200,44,39,1
1829,503,85,21,1
821,200,70,53,0
191,500,29,65,1
714,200,100,38,1
1113,500,89,81,1
331,200,83,42,0
1120,200,32,90,1
1335,200,28,64,1
549,200,12,71,0
476,503,98,32,1
1335,500,13,63,1
275,503,89,52,1
1148,200,66,56,1
